;Methanol;Ethanol;Propanol;1100;1105;1110;1115;1120;1125;1130;1135;1140;1145;1150;1155;1160;1165;1170;1175;1180;1185;1190;1195;1200;1205;1210;1215;1220;1225;1230;1235;1240;1245;1250;1255;1260;1265;1270;1275;1280;1285;1290;1295;1300;1305;1310;1315;1320;1325;1330;1335;1340;1345;1350;1355;1360;1365;1370;1375;1380;1385;1390;1395;1400;1405;1410;1415;1420;1425;1430;1435;1440;1445;1450;1455;1460;1465;1470;1475;1480;1485;1490;1495;1500;1505;1510;1515;1520;1525;1520;1535;1540;1545;1550;1555;1560;1565;1570;1575;1580;1585;1590;1595;1600;;;;;;;;;;;;;;;;;;;;;;;;;;;;;;;;;;;;;;;;;;;;;;;;;;;;;;;;;;;;;;;;;;;;;;;;;;;;;;;;;;;;;;;;;;;;;;;;;;;;;;;;
A1;0;0;100;0;152376;0;153657;0;154435;0;151979;0;148399;0;144758;0;135894;0;123079;0;967989;0;498619;0;148821;0;47102;0;581837;0;937786;0;147296;0;234257;0;329893;0;437404;0;626864;0;738044;0;727978;0;693031;0;662282;0;569771;0;466552;0;387808;0;315867;0;253202;0;207278;0;168388;0;134369;0;106925;0;882216;0;722141;0;639906;0;564575;0;397968;0;287132;0;220747;0;111055;0;556278;0;11034;0;430107;0;435829;0;484371;0;918484;0;155344;0;277376;0;423803;0;632067;0;945587;0;15261;0;265791;0;341888;0;381898;0;48807;0;598436;0;664585;0;686068;0;759621;0;783212;0;76928;0;928913;1;10237;1;8345;1;746;1;4289;1;11642;1;15198;1;17944;1;21628;1;26301;1;3327;1;38436;1;44849;1;51213;1;559;1;58984;1;60953;1;62662;1;57017;1;57956;1;58372;1;58187;1;5681;1;55035;1;51635;1;50583;1;47748;1;44695;1;42877;1;41177;1;38975;1;35676;1;34454;1;31276;1;29469;1;27269;1;2735;1;27599;1;7435;;;
A2;100;0;0;0;126563;0;12812;0;128697;0;126448;0;120751;0;110173;0;911722;0;628672;0;254669;0;209112;0;604973;0;11486;0;162603;0;202993;0;248264;0;314225;0;396131;0;462308;0;518813;0;56939;0;607337;0;603176;0;512949;0;391716;0;328131;0;272897;0;209464;0;151417;0;134255;0;124048;0;127874;0;137662;0;146868;0;143838;0;126013;0;11214;0;948696;0;823793;0;699272;0;621777;0;589361;0;572443;0;635967;0;728989;0;884714;0;105537;0;129101;0;161864;0;201668;0;258811;0;347851;0;47716;0;608258;0;672535;0;742798;0;829755;0;888237;0;90463;0;906601;0;93792;1;564;1;24439;1;43049;1;51865;1;53715;1;56671;1;59147;1;63179;1;66408;1;6624;1;67572;1;68319;1;70324;1;69317;1;73786;1;77582;1;7766;1;78363;1;78207;1;76496;1;68104;1;67962;1;67739;1;66262;1;64396;1;62055;1;57811;1;55706;1;52363;1;50339;1;47338;1;44567;1;41206;1;37985;1;3683;1;34032;1;3125;1;29157;1;27829;1;28373;1;10374;;;
A3;0;100;0;0;119204;0;103543;0;117042;0;113998;0;110037;0;105071;0;977306;0;823917;0;383558;0;250215;0;66536;0;68574;0;7754041;0;131964;0;217958;0;323367;0;431782;0;552572;0;749023;0;71048;0;530538;0;460233;0;461062;0;455202;0;432026;0;392855;0;346214;0;289382;0;248934;0;209712;0;176219;0;154259;0;142605;0;128036;0;117405;0;107749;0;954857;0;860643;0;735416;0;64992;0;624094;0;567818;0;565252;0;573254;0;660591;0;7518201;0;838327;0;980845;0;117864;0;147871;0;200674;0;277734;0;42641;0;525464;0;54337;0;598876;0;725701;0;777596;0;771832;0;83566;0;877751;0;91113;1;382;1;17724;1;20578;1;22947;1;2774;1;36149;1;39792;1;444;1;48359;1;53914;1;59236;1;62218;1;6742;1;72859;1;74991;1;77129;1;74784;1;75418;1;6767;1;68612;1;67891;1;65522;1;64272;1;62739;1;59873;1;58212;1;53002;1;50962;1;47522;1;45922;1;4061;1;41709;1;39016;1;33864;1;32474;1;30529;1;28608;1;30486;1;10616;;;
A4;33;4;33;33;6;0;146994;0;148485;0;148372;0;145927;0;14035;0;134669;0;121756;0;10157;0;653648;0;1264;0;406141;0;65609;0;87306;0;134149;0;193678;0;278705;0;373068;0;475316;0;623533;0;654947;0;609734;0;580583;0;549638;0;466336;0;396735;0;340439;0;279819;0;21777;0;1808;0;150672;0;128637;0;116931;0;111897;0;102622;0;909023;0;794258;0;660114;0;544043;0;45187;0;350027;0;316134;0;266294;0;260858;0;314426;0;40844;0;488443;0;627823;0;809145;0;106231;0;145083;0;199646;0;287527;0;426231;0;506344;0;545083;0;626029;0;73165;0;775918;0;77968;0;829922;0;882445;0;982291;1;15287;1;2563;1;2862;1;29824;1;34979;1;41366;1;44872;1;49317;1;52903;1;56139;1;62634;1;62437;1;68126;1;72411;1;75637;1;7735;1;74571;1;75366;1;66827;1;65259;1;65074;1;63842;1;62748;1;60477;1;55585;1;54545;1;52115;1;48014;1;4668;1;43103;1;39135;1;36882;1;34735;1;32789;1;30113;1;29006;1;27159;1;27546;1;7756;
A5;49;8;24;9;25;3;0;139977;0;141077;0;142067;0;139168;0;134485;0;127181;0;11282;0;9141351;0;545435;0;296688;0;485496;0;8051591;0;107004;0;152038;0;208309;0;286736;0;377915;0;473097;0;600707;0;632905;0;60674;0;588368;0;540086;0;446081;0;38032;0;323968;0;260789;0;199051;0;167467;0;141544;0;127389;0;122992;0;121057;0;113688;0;101025;0;878897;0;722685;0;614691;0;504112;0;41296;0;392818;0;327816;0;366135;0;399437;0;527267;0;6356721;0;791559;0;987854;0;126923;0;170277;0;235813;0;331313;0;468823;0;548364;0;591101;0;677293;0;775309;0;809194;0;809817;0;853756;0;923395;1;5395;1;21493;1;32712;1;35842;1;37703;1;4229;1;4782;1;52484;1;56521;1;5954;1;62073;1;6611;1;6749;1;69159;1;75747;1;76829;1;77103;1;77493;1;76228;1;66774;1;67647;1;66033;1;66055;1;63429;1;61559;1;58263;1;55074;1;50473;1;48604;1;46265;1;44078;1;41867;1;38665;1;36647;1;33725;1;30466;1;29503;1;26822;1;28347;1;8393
A6;24;9;25;3;49;8;0;151918;0;152445;0;152473;0;149869;0;145986;0;13959;0;127247;0;108912;0;757504;0;242414;0;324907;0;585766;0;787487;0;120271;0;17907;0;265271;0;359636;0;465197;0;623325;0;672101;0;634476;0;605859;0;575879;0;488809;0;413731;0;351608;0;284249;0;225972;0;18727;0;152492;0;127667;0;112846;0;103928;0;9380911;0;841951;0;7548051;0;59782;0;48995;0;356484;0;266285;0;25527;0;191641;0;202703;0;218554;0;287647;0;372429;0;487213;0;652618;0;877953;0;122633;0;171617;0;254763;0;384839;0;466524;0;514084;0;590329;0;697306;0;74856;0;756107;0;809547;0;852531;0;924559;1;9406;1;21505;1;23968;1;22947;1;28579;1;34652;1;3899;1;42923;1;466;1;51474;1;56438;1;59362;1;66063;1;71552;1;7191;1;72159;1;73277;1;72792;1;65651;1;65117;1;64789;1;6379;1;61661;1;60012;1;56249;1;55526;1;50672;1;47683;1;44817;1;429;1;40253;1;36721;1;35853;1;33948;1;29925;1;29572;1;25679;1;305;1;8296
A7;25;50;25;0;149156;0;148179;0;148371;0;145621;0;14081;0;136522;0;122543;0;103867;0;66432;0;10642;0;405025;0;612583;0;781441;0;125474;0;191028;0;280033;0;377322;0;486589;0;64664;0;664064;0;581887;0;541471;0;518634;0;456696;0;397482;0;346071;0;288236;0;229089;0;190819;0;157627;0;130726;0;117752;0;111283;0;99596;0;906372;0;801411;0;642862;0;520954;0;425987;0;323763;0;294123;0;253964;0;247173;0;282021;0;371723;0;44651;0;563593;0;74379;0;97827;0;133582;0;187797;0;275381;0;412337;0;501094;0;536101;0;610057;0;719834;0;767189;0;769778;0;819299;0;873685;0;952029;1;11115;1;2243;1;26026;1;27695;1;32697;1;39756;1;43501;1;47606;1;51714;1;56976;1;60613;1;62131;1;655;1;73025;1;71658;1;75467;1;74834;1;74085;1;65458;1;67565;1;64699;1;63387;1;62418;1;61381;1;56288;1;55087;1;51842;1;48753;1;44644;1;43348;1;41753;1;36802;1;3588;1;3342;1;3063;1;29392;1;27568;1;28495;1;915;;;
A8;50;1;0;49;9;0;146065;0;146644;0;146535;0;143021;0;139275;0;133275;0;118745;0;977678;0;657215;0;183811;0;359221;0;743236;0;1061;0;144962;0;195716;0;269517;0;358497;0;452483;0;574183;0;644818;0;66297;0;653783;0;602418;0;483856;0;396238;0;330353;0;262258;0;200513;0;166193;0;141046;0;12511;0;11577;0;115111;0;108256;0;982533;0;8709531;0;690966;0;579863;0;471697;0;390644;0;332718;0;284843;0;307817;0;385799;0;466776;0;581179;0;727072;0;929775;0;118279;0;15893;0;217353;0;311009;0;44225;0;5149;0;563369;0;656281;0;755066;0;795086;0;804977;0;845889;0;907641;1;3702;1;22204;1;32236;1;34065;1;34533;1;39789;1;4455;1;49002;1;53717;1;54962;1;59572;1;63176;1;64462;1;6735;1;76192;1;76726;1;76385;1;75557;1;74495;1;67013;1;66583;1;65518;1;64421;1;63659;1;60597;1;57811;1;55074;1;5134;1;4967;1;44248;1;42456;1;41025;1;37084;1;3595;1;32585;1;29416;1;30274;1;27829;1;28957;1;9971;
A9;66;6;33;4;0;0;137294;0;138735;0;138802;0;135593;0;129642;0;121161;0;105176;0;810127;0;413799;0;117512;0;580339;0;910387;0;123727;0;169653;0;226476;0;302459;0;393657;0;482496;0;584675;0;598909;0;566108;0;549718;0;492922;0;404146;0;350357;0;301228;0;240714;0;183054;0;153584;0;135329;0;126905;0;128014;0;132769;0;12547;0;111737;0;981464;0;819244;0;703354;0;595808;0;512934;0;481062;0;435562;0;46814;0;546942;0;668974;0;806313;0;101347;0;124896;0;157929;0;208073;0;284157;0;396018;0;53526;0;605542;0;6614;0;74404;0;831806;0;85143;0;849665;0;888506;0;977697;1;14594;1;30693;1;41304;1;44034;1;47335;1;52034;1;56811;1;60035;1;6411;1;64452;1;66033;1;68882;1;68501;1;71418;1;77927;1;78374;1;77886;1;75762;1;76241;1;67253;1;66172;1;67149;1;64329;1;63483;1;61436;1;57554;1;5491;1;52918;1;50438;1;45366;1;44427;1;40706;1;37778;1;34334;1;33103;1;31486;1;28068;1;26513;1;27904;1;866;
A10;0;33;4;66;6;0;160101;0;159812;0;160563;0;158393;0;154674;0;14912;0;139092;0;125422;0;931377;0;408049;0;188169;0;405836;0;501766;0;916624;0;154381;0;249576;0;349048;0;461732;0;653584;0;712381;0;646631;0;598248;0;57728;0;515592;0;437456;0;371831;0;310384;0;250182;0;20736;0;165147;0;132334;0;10746;0;900326;0;767021;0;665503;0;60544;0;455618;0;357285;0;251341;0;137816;0;886536;0;466824;0;463867;0;792122;0;1021;0;141764;0;240994;0;358915;0;52474;0;802431;0;117395;0;182865;0;307368;0;390468;0;426945;0;519083;0;626929;0;691854;0;704086;0;774986;0;801424;0;80197;0;952624;1;11814;1;12105;1;7825;1;1228;1;19285;1;23584;1;27642;1;31353;1;36876;1;42969;1;4638;1;53186;1;61123;1;63012;1;64694;1;66773;1;65246;1;60423;1;6162;1;61606;1;6139;1;59851;1;5848;1;54588;1;50081;1;48955;1;48041;1;43017;1;40738;1;38005;1;35559;1;33267;1;33268;1;29059;1;28555;1;27623;1;26064;1;753;
A11;75;0;25;0;137452;0;139048;0;14036;0;138084;0;131679;0;123071;0;106814;0;8359341;0;466194;0;308037;0;508442;0;958252;0;13268;0;170397;0;21862;0;289641;0;377441;0;456017;0;545356;0;605817;0;633415;0;628688;0;553873;0;433892;0;358709;0;297931;0;233162;0;173242;0;14552;0;128581;0;123597;0;126333;0;130557;0;12398;0;111598;0;984173;0;813274;0;705299;0;588779;0;493259;0;468979;0;427866;0;462265;0;536184;0;655012;0;812168;0;993319;0;127469;0;160029;0;21109;0;282911;0;393743;0;523588;0;587931;0;651415;0;745626;0;826607;0;848387;0;85879;0;894327;0;984359;1;1631;1;3335;1;4362;1;45087;1;47601;1;51985;1;56184;1;59216;1;62546;1;64726;1;64726;1;6703;1;69485;1;72232;1;76732;1;76356;1;77768;1;76948;1;7559;1;67846;1;67118;1;6598;1;65332;1;65216;1;61395;1;5773;1;56459;1;52988;1;4912;1;45555;1;43691;1;40335;1;38192;1;36311;1;33766;1;30753;1;29061;1;29215;1;27798;1;9125;;;
A12;25;0;75;0;154663;0;155317;0;155487;0;153029;0;14825;0;142942;0;130354;0;11422;0;847015;0;38558;0;213881;0;559101;0;789919;0;11618;0;169646;0;249753;0;341438;0;441229;0;597766;0;686473;0;691407;0;671165;0;633871;0;525399;0;429739;0;356647;0;285898;0;224423;0;183127;0;151617;0;126559;0;10974;0;97353;0;90189;0;814638;0;704231;0;541372;0;433474;0;316153;0;242329;0;200615;0;133791;0;160503;0;187473;0;243683;0;317192;0;43725;0;576773;0;773849;0;108807;0;157229;0;231381;0;354562;0;42867;0;479734;0;582083;0;676056;0;729492;0;748454;0;800011;0;840985;0;905904;1;7891;1;20473;1;21165;1;19035;1;23875;1;30773;1;34983;1;38561;1;41687;1;45975;1;52956;1;56014;1;60922;1;68066;1;68638;1;7253;1;71168;1;70385;1;66196;1;63899;1;64802;1;63855;1;62589;1;60584;1;55688;1;53062;1;49598;1;47736;1;44964;1;42927;1;40103;1;3703;1;3328;1;32734;1;31584;1;27733;1;27377;1;27718;1;6847;;;
A13;33;4;66;6;0;0;261438;0;261646;0;257305;0;251936;0;244799;0;236748;0;224141;0;201119;0;160196;0;100497;0;509062;0;343542;0;134954;0;368643;0;106651;0;196347;0;293151;0;399074;0;550054;0;532814;0;425712;0;389127;0;365525;0;316469;0;274505;0;227716;0;170828;0;118795;0;78269;0;468969;0;251427;0;155411;0;141859;0;5723;0;710678;0;183744;0;320396;0;43191;0;535574;0;608769;0;679827;0;655251;0;66967;0;639191;0;520763;0;431805;0;280533;0;717926;0;207424;0;662098;0;121572;0;214858;0;360233;0;450071;0;485974;0;561709;0;66284;0;701363;0;698237;0;742786;0;803288;0;916229;1;7078;1;17534;1;21792;1;25759;1;30956;1;36041;1;41484;1;44859;1;46828;1;5272;1;53615;1;55543;1;60098;1;66042;1;66699;1;67123;1;65903;1;64741;1;57591;1;55885;1;56426;1;55029;1;54117;1;50881;1;48884;1;46432;1;41895;1;40006;1;36496;1;33661;1;30882;1;28828;1;28139;1;24142;1;2396;1;21179;1;18703;1;20979;0;984393;
A14;0;66;7;33;3;0;27509;0;273524;0;268692;0;264851;0;258056;0;250751;0;240124;0;223278;0;18587;0;127412;0;698404;0;611744;0;53792;0;480461;0;686607;0;168157;0;268121;0;385365;0;581862;0;593586;0;461921;0;406975;0;395399;0;364416;0;315772;0;261515;0;204837;0;152109;0;104759;0;642834;0;303659;0;634003;0;679207;0;191994;0;269222;0;389137;0;513077;0;633364;0;698767;0;788956;0;86688;0;8799361;0;9056471;0;900669;0;812197;0;770731;0;665026;0;533152;0;335951;0;176811;0;420303;0;112841;0;248179;0;337897;0;371483;0;45808;0;558924;0;617918;0;627343;0;694089;0;718986;0;739264;0;883927;1;3204;1;4915;1;4664;1;9185;1;17598;1;20924;1;2584;1;29498;1;34819;1;39745;1;45671;1;49707;1;57202;1;58666;1;58688;1;5945;1;62066;1;53754;1;53344;1;5482;1;52833;1;52007;1;4989;1;47813;1;42702;1;40969;1;39296;1;35441;1;33218;1;3008;1;28613;1;27809;1;2455;1;21245;1;19972;1;20354;1;21059;0;972341;
A15;33;4;33;33;6;0;265935;0;2661;0;261438;0;256538;0;250792;0;242959;0;230478;0;209561;0;172604;0;119947;0;646276;0;382719;0;149841;0;293179;0;885601;0;174328;0;268473;0;370295;0;518758;0;546979;0;497933;0;474669;0;441392;0;360411;0;294492;0;235101;0;171207;0;11489;0;746908;0;444164;0;197058;0;763321;0;676251;0;0;121136;0;235033;0;391979;0;510111;0;589428;0;678816;0;7267381;0;74295;0;737247;0;725555;0;606518;0;522795;0;41111;0;219393;0;481129;0;45845;0;996361;0;185938;0;319761;0;400928;0;443712;0;530006;0;632545;0;677385;0;681776;0;730026;0;781774;0;884074;1;6053;1;15764;1;19244;1;20829;1;25387;1;32446;1;35909;1;39873;1;43378;1;47468;1;51761;1;54372;1;56731;1;62157;1;63853;1;65879;1;65722;1;63819;1;5658;1;56664;1;57726;1;54803;1;53687;1;51226;1;48185;1;46752;1;41557;1;3908;1;36867;1;34301;1;32982;1;28908;1;2796;1;25141;1;23224;1;21809;1;19096;1;20754;0;984514;;
A16;75;0;25;0;137452;0;139048;0;14036;0;138084;0;131679;0;123071;0;106814;0;8359341;0;466194;0;308037;0;508442;0;958252;0;13268;0;170397;0;21862;0;289641;0;377441;0;456017;0;545356;0;605817;0;633415;0;8551;0;553873;0;433892;0;358709;0;297931;0;233162;0;173242;0;14552;0;128581;0;123597;0;126333;0;130557;0;12398;0;111598;0;984173;0;813274;0;705299;0;588779;0;493259;0;468979;0;427866;0;462265;0;536184;0;655012;0;812168;0;993319;0;127469;0;160029;0;21109;0;282911;0;393743;0;523588;0;587931;0;651415;0;745626;0;826607;0;848387;0;85879;0;894327;0;984359;1;1631;1;3335;1;4362;1;45087;1;47601;1;51985;1;56184;1;59216;1;62546;1;64726;1;64726;1;6703;1;69485;1;72232;1;76732;1;76356;1;77768;1;76948;1;7559;1;67846;1;67118;1;6598;1;65332;1;65216;1;61395;1;5773;1;56459;1;52988;1;4912;1;45555;1;43691;1;40335;1;38192;1;36311;1;33766;1;30753;1;29061;1;29215;1;27798;1;9125;;;
B1;100;0;0;0;107703;0;110049;0;109188;0;106849;0;101273;0;932007;0;754099;0;471239;0;897503;0;360842;0;774651;0;131905;0;179187;0;219518;0;26391;0;328074;0;412382;0;475878;0;530134;0;582872;0;618715;0;615823;0;522842;0;404422;0;342679;0;28243;0;218416;0;165379;0;145235;0;134229;0;134568;0;148856;0;157174;0;157785;0;142608;0;122208;0;108924;0;9496211;0;845242;0;757742;0;76354;0;700388;0;734911;0;835171;0;976086;0;117648;0;142062;0;17035;0;212519;0;275459;0;360661;0;487373;0;616514;0;683493;0;753615;0;838222;0;896119;0;909752;0;914809;0;944964;1;6714;1;26139;1;43804;1;5127;1;5417;1;56457;1;5984;1;63424;1;65155;1;6534;1;68889;1;69804;1;70256;1;70321;1;74526;1;79254;1;78741;1;80303;1;77285;1;78178;1;68969;1;69588;1;68826;1;67288;1;65034;1;63;1;58392;1;56411;1;53993;1;50293;1;47749;1;44865;1;43252;1;39348;1;3634;1;35764;1;32792;1;29542;1;27768;1;29554;1;11937;;;
B2;0;100;0;0;136843;0;134671;0;134467;0;131847;0;129192;0;125037;0;116176;0;9730531;0;5457781;0;869465;0;587435;0;609627;0;6356721;0;117702;0;201974;0;304293;0;411398;0;534889;0;729536;0;68764;0;503967;0;438618;0;440266;0;434993;0;411277;0;369047;0;319738;0;270919;0;223005;0;18013;0;147871;0;127983;0;112485;0;103167;0;905275;0;784864;0;702686;0;589228;0;465002;0;378771;0;381174;0;320969;0;33042;0;338201;0;391979;0;459137;0;572615;0;7053091;0;915279;0;12411;0;173387;0;248978;0;39718;0;49686;0;521149;0;576975;0;691863;0;746859;0;746351;0;812262;0;849103;0;879257;1;616;1;14548;1;17817;1;20178;1;26288;1;32941;1;37106;1;40086;1;46891;1;51903;1;57355;1;59562;1;64928;1;70443;1;73268;1;73351;1;72995;1;73433;1;64773;1;6518;1;64727;1;63601;1;62437;1;59388;1;57795;1;54997;1;53304;1;48698;1;46105;1;43743;1;40886;1;37299;1;34687;1;33756;1;30212;1;29898;1;27946;1;27683;1;10086;;;
B3;0;0;100;0;146772;0;146184;0;118861;0;144769;0;142143;0;137205;0;128957;0;117437;0;901136;0;449343;0;20175;0;545444;0;671549;0;102366;0;154298;0;241221;0;338451;0;461988;0;636704;0;740724;0;732795;0;698246;0;668809;0;57613;0;469987;0;392218;0;31984;0;26103;0;212689;0;17263;0;137183;0;113027;0;9213351;0;831213;0;739555;0;633535;0;50312;0;380697;0;263681;0;1824;0;172081;0;111265;0;930309;0;879955;0;122776;0;178728;0;25567;0;341625;0;467949;0;70303;0;104138;0;158305;0;270888;0;34604;0;391707;0;499217;0;603459;0;666141;0;694105;0;766747;0;787088;0;777311;0;941295;1;10454;1;7582;1;415;1;4522;1;11447;1;14373;1;17371;1;22092;1;26833;1;33263;1;38605;1;45254;1;52935;1;56353;1;59327;1;60166;1;62372;1;57378;1;59419;1;59352;1;5717;1;58377;1;55548;1;51733;1;50703;1;46015;1;44001;1;437;1;41622;1;3877;1;37364;1;33632;1;31526;1;29029;1;27546;1;25085;1;26501;1;10098;;;
B4;50;50;0;0;821896;0;794659;0;8239751;0;846663;0;838318;0;914736;0;106842;0;129054;0;164467;0;221032;0;273059;0;298322;0;325023;0;375168;0;427501;0;50396;0;599012;0;707602;0;825076;0;821558;0;754652;0;728584;0;68735;0;619538;0;569635;0;519813;0;46105;0;406977;0;370269;0;343564;0;329565;0;328111;0;325519;0;320511;0;306358;0;292163;0;282976;0;267706;0;256535;0;245164;0;247038;0;238976;0;242639;0;247471;0;255434;0;268219;0;290441;0;306261;0;33669;0;383249;0;449759;0;546491;0;661666;0;766832;0;818343;0;887138;0;980133;1;1147;1;1665;1;6172;1;14134;1;26018;1;42527;1;51473;1;55536;1;59948;1;64223;1;70154;1;75347;1;76653;1;7889;1;82558;1;85322;1;87898;1;90448;1;94506;1;97019;1;95985;1;94492;1;94047;1;8544;1;85552;1;86325;1;83374;1;80655;1;78066;1;77089;1;73817;1;7094;1;66201;1;6274;1;62419;1;59504;1;56922;1;52514;1;53352;1;49742;1;4665;1;46377;1;48385;1;2858;;;
B5;50;0;50;0;128519;0;129856;0;127566;0;127354;0;122568;0;116528;0;104577;0;854149;0;523129;0;6022451;0;481482;0;884638;0;120395;0;160115;0;208901;0;284318;0;373845;0;465314;0;585804;0;656118;0;670904;0;661383;0;61015;0;493357;0;406285;0;33899;0;276316;0;214145;0;173494;0;146235;0;131017;0;125882;0;122826;0;119155;0;107557;0;935774;0;813036;0;671406;0;565901;0;483456;0;453777;0;418625;0;420857;0;438509;0;565481;0;674066;0;826483;0;101807;0;127357;0;169463;0;230119;0;319371;0;448024;0;520978;0;571892;0;664329;0;758521;0;798011;0;813507;0;855836;0;91711;1;4797;1;2392;1;32091;1;34504;1;34688;1;40379;1;45086;1;49616;1;53142;1;57085;1;59948;1;64365;1;64122;1;7091;1;74495;1;76446;1;7595;1;77129;1;75117;1;65598;1;65688;1;66867;1;64591;1;62412;1;62765;1;58659;1;55872;1;53813;1;49286;1;47122;1;45485;1;41384;1;37971;1;36449;1;33553;1;3049;1;29488;1;28497;1;3059;1;1146;;;
B6;0;49;9;50;1;0;143241;0;143994;0;143015;0;140699;0;134979;0;12579;0;122838;0;11042;0;744562;0;198832;0;397263;0;554237;0;622282;0;106886;0;175898;0;270541;0;371933;0;48729;0;680701;0;710123;0;614293;0;562748;0;548573;0;49853;0;435361;0;375559;0;317305;0;263188;0;213986;0;1733;0;139397;0;118841;0;981274;0;912829;0;814724;0;679493;0;572653;0;467901;0;341816;0;232973;0;237761;0;17849;0;162659;0;151444;0;208034;0;268736;0;353384;0;477247;0;655775;0;933981;0;134238;0;200566;0;331431;0;419753;0;452975;0;543091;0;645261;0;702397;0;722507;0;791493;0;815208;0;825616;0;969247;1;12016;1;12909;1;10654;1;15918;1;22591;1;26757;1;30041;1;36132;1;40346;1;4637;1;51219;1;58325;1;63991;1;67115;1;68847;1;68703;1;69123;1;60338;1;62989;1;61167;1;61201;1;60822;1;58842;1;5525;1;54024;1;49463;1;47456;1;43762;1;42911;1;39802;1;37772;1;34463;1;32305;1;29493;1;27118;1;26758;1;27929;1;10357;
B7;75;0;25;0;120809;0;121764;0;120862;0;119144;0;114916;0;105965;0;915327;0;674563;0;317345;0;139141;0;6515981;0;109641;0;147846;0;188504;0;2343;0;303907;0;391569;0;472894;0;560178;0;619735;0;646019;0;63972;0;563868;0;446751;0;372581;0;310632;0;244218;0;187826;0;156533;0;138125;0;131698;0;135866;0;137968;0;136315;0;123209;0;107184;0;957184;0;7903;0;667296;0;58445;0;558767;0;545769;0;577641;0;64702;0;74481;0;926399;0;110763;0;133862;0;166952;0;21867;0;288968;0;398578;0;527241;0;59646;0;660201;0;749154;0;828581;0;855737;0;866359;0;898781;0;989646;1;17729;1;34334;1;42549;1;45116;1;48196;1;51906;1;56301;1;59439;1;63234;1;65212;1;66148;1;66877;1;69671;1;74222;1;78609;1;79094;1;77911;1;7709;1;76464;1;68265;1;68131;1;66446;1;65525;1;63863;1;62489;1;57519;1;55155;1;53059;1;48871;1;49529;1;43677;1;42384;1;39211;1;36628;1;35651;1;31185;1;29434;1;28248;1;28926;1;10004;;;
B8;25;7;0;74;3;0;13804;0;138839;0;137729;0;136001;0;133502;0;128485;0;118763;0;101564;0;707874;0;250845;0;338831;0;731754;0;937357;0;130606;0;181396;0;260838;0;352609;0;455817;0;609346;0;694534;0;698843;0;679595;0;640051;0;532408;0;435033;0;365266;0;292728;0;234923;0;192534;0;157505;0;132038;0;118242;0;106815;0;100441;0;907202;0;7804491;0;651932;0;515785;0;402384;0;300569;0;321589;0;236111;0;264101;0;27813;0;344477;0;418692;0;562429;0;667038;0;864811;0;119997;0;165842;0;238853;0;361093;0;436273;0;490553;0;594895;0;686715;0;729549;0;753532;0;80961;0;846855;0;909475;1;8438;1;2078;1;21253;1;18852;1;24165;1;31089;1;35052;1;39293;1;43862;1;47454;1;53354;1;56357;1;63278;1;69585;1;71141;1;73143;1;71315;1;72866;1;63037;1;65218;1;63573;1;64384;1;62015;1;6119;1;57206;1;54101;1;51933;1;49353;1;45749;1;43756;1;41155;1;39306;1;36053;1;33057;1;32792;1;28586;1;25355;1;28662;1;9863;
B9;50;25;25;0;127906;0;128493;0;128624;0;126298;0;123022;0;115145;0;102693;0;803366;0;43663;0;630474;0;569601;0;9025;0;116592;0;160393;0;21752;0;29589;0;388876;0;484664;0;60607;0;63858;0;612636;0;593734;0;544875;0;450247;0;38477;0;326272;0;264515;0;208545;0;171503;0;143308;0;129387;0;127235;0;126031;0;12017;0;109491;0;950174;0;815601;0;678272;0;589943;0;473671;0;456219;0;402603;0;439053;0;495033;0;582752;0;7044791;0;870638;0;106885;0;134323;0;179487;0;239536;0;33657;0;470194;0;550187;0;599469;0;683823;0;776812;0;807587;0;818797;0;859459;0;930329;1;5876;1;22628;1;32493;1;36093;1;37478;1;42632;1;48108;1;52416;1;55107;1;60433;1;60775;1;64785;1;66173;1;7046;1;7575;1;78172;1;77121;1;74766;1;76165;1;66182;1;6667;1;6795;1;65432;1;63558;1;61984;1;57993;1;5534;1;53018;1;48938;1;46691;1;43637;1;39633;1;37905;1;34254;1;32699;1;31961;1;29706;1;27253;1;28163;1;10869;;;
B10;25;50;25;0;132625;0;132721;0;131929;0;129606;0;126494;0;121259;0;109874;0;914011;0;524864;0;235367;0;533037;0;745535;0;899229;0;138326;0;20427;0;294002;0;391452;0;500365;0;659339;0;671258;0;590056;0;55258;0;527722;0;46417;0;407329;0;351985;0;291869;0;238485;0;196179;0;161836;0;138635;0;127372;0;116083;0;109532;0;992527;0;861921;0;737696;0;607634;0;494547;0;403957;0;426407;0;365257;0;356245;0;35883;0;450335;0;539169;0;698738;0;861816;0;106949;0;143377;0;198033;0;27938;0;418567;0;505574;0;542497;0;614443;0;723543;0;770705;0;775484;0;830782;0;879;0;968015;1;12374;1;22738;1;26915;1;27256;1;33212;1;40462;1;42434;1;46565;1;52478;1;56527;1;60921;1;62893;1;66621;1;73425;1;74715;1;74464;1;75673;1;74106;1;65825;1;65855;1;66735;1;653;1;63046;1;59787;1;58713;1;55939;1;51315;1;49624;1;47067;1;42819;1;40566;1;37364;1;35985;1;34191;1;32486;1;28907;1;27132;1;29433;1;1069;;;
B11;25;25;50;0;13489;0;134821;0;13402;0;132889;0;128743;0;123832;0;112653;0;952406;0;611343;0;119629;0;449972;0;726023;0;920639;0;134121;0;195005;0;281015;0;375993;0;481041;0;634853;0;68257;0;643921;0;617401;0;584738;0;499891;0;423152;0;358962;0;294836;0;238485;0;195013;0;161908;0;138357;0;122985;0;112883;0;104799;0;961294;0;815907;0;728292;0;5837251;0;466814;0;370417;0;373983;0;308323;0;312061;0;321398;0;358992;0;48543;0;621109;0;75325;0;999413;0;136435;0;181928;0;259577;0;386148;0;471127;0;520018;0;599424;0;70465;0;754523;0;769257;0;822659;0;862972;0;938334;1;1065;1;21795;1;23583;1;23489;1;29429;1;36453;1;40068;1;43069;1;48618;1;52945;1;57901;1;60885;1;65356;1;71032;1;71912;1;7398;1;73113;1;72389;1;66233;1;66422;1;65424;1;64839;1;63256;1;61057;1;5687;1;55024;1;50552;1;49515;1;46865;1;43544;1;40248;1;38038;1;34189;1;33298;1;31132;1;29136;1;27932;1;29152;1;10953;;;
P1;50;1;0;49;9;0;1491117;0;1496907;0;1495817;0;1460676;0;1423216;0;1363217;0;1217917;0;1008145;0;6876815;0;2142775;0;3287545;0;7127695;0;1030533;0;1419154;0;1926694;0;2664703;0;3554503;0;4494363;0;5711364;0;6417714;0;6599234;0;6507364;0;5993714;0;4808093;0;3931913;0;3273063;0;2592113;0;1974663;0;1631463;0;1379994;0;1220633;0;1127234;0;1120643;0;1052094;0;9520666;0;8404865;0;6604995;0;5493965;0;4412305;0;3601775;0;3022515;0;2543765;0;2773505;0;3553325;0;4363095;0;5507125;0;6966054;0;8993085;0;1152323;0;1558833;0;2143064;0;3079624;0;4392034;0;5118534;0;5603224;0;6532344;0;7520194;0;7920394;0;8019304;0;8428424;0;9045944;1;33973;1;218993;1;319313;1;337603;1;342283;1;394843;1;442454;1;486973;1;534123;1;546573;1;592673;1;628713;1;641573;1;670453;1;758873;1;764213;1;760803;1;752523;1;741903;1;667083;1;662783;1;652133;1;641163;1;633543;1;602924;1;575063;1;547693;1;510353;1;493653;1;439433;1;421513;1;407203;1;367793;1;356453;1;322803;1;291113;1;299693;1;275243;1;286523;1;96663;
P2;66;6;33;4;0;0;1567952;0;1582362;0;1583032;0;1550942;0;1491432;0;1406622;0;1246772;0;1005139;0;608811;0;7749994;0;3853271;0;7153751;0;1042258;0;1501518;0;2069748;0;2829578;0;3741558;0;4629948;0;5651738;0;5794078;0;5466068;0;5302168;0;4734208;0;3846448;0;3308558;0;2817268;0;2212128;0;1635528;0;1340828;0;1158278;0;1074038;0;1085128;0;1132678;0;1059688;0;9223581;0;7864521;0;6242321;0;5083421;0;4007961;0;3179221;0;2860501;0;2405501;0;2731281;0;35193;0;4739621;0;6113011;0;8184581;0;1053948;0;1384278;0;1885718;0;2646558;0;3765168;0;5157588;0;5860408;0;6418988;0;7245388;0;8123048;0;8319288;0;8301638;0;8690048;0;9581958;1;126439;1;287429;1;393539;1;420839;1;453849;1;500839;1;548609;1;580849;1;621599;1;625019;1;640829;1;669319;1;665509;1;694679;1;759769;1;764239;1;759359;1;738119;1;742909;1;653029;1;642219;1;651989;1;623789;1;615329;1;594859;1;556039;1;529599;1;509679;1;484879;1;434159;1;424769;1;387559;1;358279;1;323839;1;311529;1;295359;1;261179;1;245629;1;259539;1;67099;
P3;0;33;4;66;6;0;1348493;0;1345603;0;1353113;0;1331413;0;1294223;0;1238683;0;1138403;0;1001703;0;6788599;0;1555319;0;4406861;0;6583531;0;7542831;0;1169141;0;1796327;0;2748277;0;3742997;0;4869837;0;6788357;0;7376327;0;6718827;0;6234997;0;6025317;0;5408437;0;4627077;0;3970827;0;3356357;0;2754337;0;2326117;0;1903987;0;1575857;0;1327117;0;1152843;0;1019538;0;9180202;0;8579572;0;7081351;0;6098021;0;5038581;0;3903331;0;3411707;0;2991995;0;2989038;0;3317293;0;3546171;0;3942811;0;4935111;0;6114321;0;7772571;0;1054948;0;1426467;0;2081167;0;3326197;0;4157197;0;4521967;0;5443347;0;6521807;0;7171057;0;7293377;0;8002377;0;8266757;0;8272217;0;9778757;1;143392;1;146302;1;103502;1;148052;1;218102;1;261092;1;301672;1;338782;1;394012;1;454942;1;489052;1;557112;1;636482;1;655372;1;672192;1;692982;1;677712;1;629482;1;641452;1;641312;1;639152;1;623762;1;610052;1;571132;1;526062;1;514802;1;505662;1;455422;1;432632;1;405302;1;380842;1;357922;1;357932;1;315842;1;310802;1;301482;1;285892;1;100552;
P4;25;0;75;0;1406719;0;1413259;0;1414959;0;1390379;0;1342589;0;1289509;0;1163629;0;1002289;0;7071039;0;2456689;0;3537921;0;6990121;0;9298301;0;1301711;0;1836371;0;2637441;0;3554291;0;4552201;0;6117571;0;7004641;0;7053981;0;6851561;0;6478621;0;5393901;0;4437301;0;3706381;0;2998891;0;2384141;0;1971181;0;1656081;0;1405501;0;1237311;0;1113441;0;1041801;0;9545492;0;8441421;0;6812831;0;5733851;0;4560641;0;3822401;0;3405261;0;2737021;0;3004141;0;3273841;0;3835941;0;4571031;0;5771611;0;7166841;0;9137601;0;1227981;0;1712201;0;2453721;0;3685531;0;4426611;0;4937251;0;5960741;0;6900471;0;7434831;0;7624452;0;8140022;0;8549761;0;9198951;1;92901;1;218721;1;225641;1;204341;1;252741;1;321721;1;363821;1;399601;1;430861;1;473741;1;543551;1;574131;1;623211;1;694651;1;700371;1;739291;1;725671;1;717841;1;675951;1;652981;1;662011;1;652541;1;639881;1;619831;1;570871;1;544611;1;509971;1;491351;1;463631;1;443261;1;415021;1;384291;1;346791;1;341331;1;329831;1;291321;1;287761;1;291171;1;82461;;;
P5;33;4;66;6;0;0;1656316;0;1658396;0;1614985;0;1561296;0;1489926;0;1409416;0;1283346;0;1053126;0;6438956;0;469055;0;4490025;0;6145225;0;8231105;0;1326708;0;2024575;0;2921535;0;3889575;0;4948805;0;6458604;0;6286205;0;5215185;0;4849335;0;4613315;0;4122755;0;3703115;0;3235224;0;2666345;0;2146015;0;1740755;0;1427034;0;1209491;0;1113475;0;1099923;0;1015294;0;8869968;0;7743205;0;6376685;0;5261545;0;4224905;0;3492955;0;2782375;0;3028135;0;2883945;0;3188735;0;4373015;0;5262595;0;6775315;0;8862719;0;1165489;0;1620162;0;2173785;0;3106645;0;4560395;0;5458775;0;5817804;0;6575154;0;7586465;0;7971694;0;7940434;0;8385924;0;8990945;1;12035;1;166587;1;271147;1;313727;1;353397;1;405367;1;456216;1;510647;1;544397;1;564087;1;623007;1;631956;1;651237;1;696787;1;756227;1;762797;1;767037;1;754837;1;743217;1;671716;1;654656;1;660066;1;646096;1;636976;1;604617;1;584646;1;560126;1;514757;1;495867;1;460767;1;432417;1;404627;1;384086;1;377197;1;337227;1;335407;1;307596;1;282836;1;305596;1;80199;
P6;0;66;7;33;3;0;155271;0;153705;0;148873;0;145032;0;138237;0;130932;0;120305;0;103459;0;6605102;0;7593021;0;4997858;0;5864459;0;6602699;0;1150144;0;1884797;0;287976;0;38794;0;505184;0;701681;0;713405;0;58174;0;526794;0;515218;0;484235;0;435591;0;381334;0;324656;0;271928;0;224578;0;1841024;0;1501849;0;126159;0;1130269;0;1006196;0;9289678;0;8090529;0;6851128;0;5648258;0;4994228;0;4092339;0;3313099;0;3182538;0;2925428;0;2975208;0;3859928;0;4274588;0;5331638;0;6650379;0;8622389;0;1215871;0;1618493;0;23266;0;367998;0;457716;0;491302;0;577899;0;678743;0;737737;0;747162;0;813908;0;838805;0;859083;1;3746;1;151859;1;168969;1;166459;1;211669;1;295799;1;329059;1;378219;1;414799;1;468009;1;517269;1;576529;1;616889;1;691839;1;706479;1;706699;1;714319;1;740479;1;657359;1;653259;1;668019;1;648149;1;639889;1;618719;1;597949;1;546839;1;529509;1;512779;1;474229;1;451999;1;420619;1;405949;1;397909;1;365319;1;332269;1;319539;1;323359;1;330409;1;9216;
P7;75;0;25;0;1559457;0;1575417;0;1588537;0;1565777;0;1501727;0;1415647;0;1253077;0;1020871;0;6511311;0;1880175;0;3235049;0;7733149;0;1141863;0;1519033;0;2001263;0;2711473;0;3589473;0;4375233;0;5268623;0;5873233;0;6149213;0;81;0;5353793;0;4153983;0;3402153;0;2794373;0;2146683;0;1547483;0;1270263;0;1100873;0;1051033;0;1078393;0;1120633;0;1054863;0;9310429;0;7992359;0;6283369;0;5203619;0;4038419;0;3083219;0;2840419;0;2429289;0;2773279;0;3512469;0;4700749;0;6272309;0;8083819;0;1089753;0;1415353;0;1925963;0;2644173;0;3752493;0;5050943;0;5694373;0;6329213;0;7271323;0;8081133;0;8298933;0;8402963;0;8758333;0;9658653;1;144606;1;315006;1;417706;1;432376;1;457516;1;501356;1;543346;1;573666;1;606966;1;628766;1;628766;1;651806;1;676356;1;703826;1;748826;1;745066;1;759186;1;750986;1;737406;1;659966;1;652686;1;641306;1;634826;1;633666;1;595456;1;558806;1;546096;1;511386;1;472706;1;437056;1;418416;1;384856;1;363426;1;344616;1;319166;1;289037;1;272116;1;273656;1;259486;1;72756;;;
P8;100;0;0;0;1553925;0;1577385;0;1568775;0;1545385;0;1489625;0;1408902;0;1230994;0;9481342;0;5666455;0;1160531;0;2977559;0;8421549;0;1314975;0;1718285;0;2162205;0;2803845;0;3646925;0;4281885;0;4824445;0;5351825;0;5710255;0;5681335;0;4751525;0;3567325;0;2949895;0;2347405;0;1707265;0;1176895;0;9754549;0;8653949;0;8687849;0;1011665;0;1094845;0;1100955;0;9491849;0;7451849;0;6123449;0;4727259;0;3683468;0;2808468;0;2866449;0;2234929;0;2580159;0;3582759;0;4991909;0;6995849;0;943725;0;1226605;0;1648295;0;2277695;0;3129715;0;4396835;0;5688245;0;6358035;0;7059255;0;7905325;0;8484295;0;8620625;0;8671195;0;8972745;1;1945;1;2137;1;39035;1;465011;1;494011;1;516881;1;55071;1;58655;1;60386;1;605711;1;6412;1;650351;1;654871;1;65552;1;697571;1;744851;1;739721;1;755341;1;72516;1;73409;1;642001;1;64819;1;64057;1;62519;1;602651;1;58231;1;53623;1;51642;1;49224;1;45524;1;429801;1;400961;1;38483;1;345791;1;315711;1;30995;1;280231;1;24773;1;229991;1;247851;1;7168;;;
P9;0;0;100;0;1260026;0;1254146;0;9809157;0;1239996;0;1213736;0;1164356;0;1081876;0;9666757;0;6934416;0;2416486;0;4094444;0;7531384;0;8792435;0;1231354;0;1750675;0;2619905;0;3592204;0;4827574;0;6574734;0;7614934;0;7535644;0;7190154;0;6895784;0;5968994;0;4907565;0;4129874;0;3406095;0;2817995;0;2334584;0;1933994;0;1579525;0;1337964;0;1129029;0;1038907;0;9472494;0;8412294;0;7108144;0;5883914;0;4713754;0;3900944;0;3797754;0;3189594;0;3007253;0;2956899;0;3304704;0;3864224;0;4633644;0;5493194;0;6756434;0;9107244;0;1249074;0;1790744;0;2916574;0;3668095;0;4124765;0;5199865;0;6242284;0;6869105;0;7148744;0;7875164;0;8078575;0;7980804;0;9620644;1;125309;1;9659;1;2492;1;65989;1;135239;1;1645;1;194479;1;241689;1;2891;1;3534;1;406819;1;47331;1;55012;1;5843;1;61404;1;62243;1;64449;1;59455;1;614959;1;61429;1;59247;1;60454;1;57625;1;538099;1;527799;1;480919;1;46078;1;45777;1;43699;1;408469;1;39441;1;35709;1;33603;1;31106;1;296229;1;271619;1;28578;1;12175;;;
P10;50;50;0;0;1316096;0;1343333;0;1314017;0;1291329;0;1299674;0;1223256;0;1069572;0;8474518;0;4933219;0;7232815;0;5925982;0;8452283;0;1112238;0;1613688;0;2137018;0;2901608;0;3852128;0;4938028;0;6112769;0;6077588;0;5408528;0;5147848;0;4735509;0;4057388;0;3558359;0;3060138;0;2472508;0;1931778;0;1564698;0;1297648;0;1157658;0;1143118;0;1117198;0;1067118;0;9255882;0;7836382;0;6917681;0;5390681;0;427358;0;3136481;0;3323881;0;2517681;0;2883981;0;3367181;0;4163481;0;544198;0;7664181;0;9246181;0;1228908;0;1694498;0;2359598;0;3326918;0;4478669;0;5530328;0;6045438;0;6733388;0;7663338;0;7976709;0;8028509;0;8479208;0;9275408;1;46381;1;211471;1;300931;1;341561;1;385681;1;428431;1;487741;1;539671;1;552731;1;575101;1;611781;1;639421;1;665181;1;690681;1;731261;1;756391;1;746051;1;731121;1;726671;1;640601;1;641721;1;649451;1;619941;1;592751;1;566861;1;557091;1;524371;1;495601;1;448211;1;413601;1;410391;1;381241;1;355421;1;311341;1;319721;1;283621;1;252701;1;249971;1;270051;1;72001;;;
P11;50;0;50;0;1419516;0;1432886;0;1409986;0;1407866;0;1360006;0;1299606;0;1180096;0;9884749;0;6574547;0;1945502;0;3471563;0;7503122;0;1069624;0;1466824;0;1954684;0;2708854;0;3604124;0;4518814;0;5723714;0;6426855;0;6574714;0;6479505;0;5967175;0;4799244;0;3928525;0;3255574;0;2628835;0;2007124;0;1600614;0;1328024;0;1175844;0;1124494;0;1093934;0;1057224;0;9412442;0;8014482;0;6787103;0;5370803;0;4315753;0;3491303;0;3194513;0;2842993;0;2865313;0;3041833;0;4311553;0;5397403;0;6921573;0;8837442;0;1139244;0;1560304;0;2166864;0;3059385;0;4345914;0;5075455;0;5584595;0;6508964;0;7450885;0;7845784;0;8000745;0;8424035;0;9036775;1;34537;1;225767;1;307477;1;331607;1;333447;1;390357;1;437427;1;482727;1;517987;1;557417;1;586047;1;630217;1;627787;1;695667;1;731517;1;751027;1;746067;1;757857;1;737737;1;642547;1;643448;1;655237;1;632477;1;610687;1;614218;1;573157;1;545287;1;524697;1;479427;1;457788;1;441417;1;400407;1;366277;1;351058;1;322097;1;291467;1;281447;1;271537;1;292467;1;101167;;;
P12;50;25;25;0;1429068;0;1434938;0;1436248;0;1412988;0;1380228;0;1301458;0;1176938;0;9533739;0;586638;0;8696053;0;419593;0;7524921;0;1015912;0;1453922;0;2025192;0;2808892;0;3738752;0;4696632;0;5910692;0;6235792;0;5976352;0;5787332;0;5298742;0;4352462;0;3697692;0;3112712;0;2495142;0;1935442;0;1565022;0;1283072;0;1143862;0;1122342;0;1110302;0;1051692;0;9449022;0;8001661;0;665593;0;5282641;0;4399351;0;3236631;0;3062111;0;2525951;0;2890451;0;3450251;0;4327441;0;5544711;0;7206301;0;9188421;0;1193222;0;1644862;0;2245352;0;3215692;0;4551932;0;5351862;0;5844682;0;6688222;0;7618112;0;7925862;0;8037962;0;8444582;0;9153282;1;43759;1;211279;1;309929;1;345929;1;359779;1;411319;1;466079;1;509159;1;536069;1;589329;1;592749;1;632849;1;646729;1;689599;1;742499;1;766719;1;756209;1;732659;1;746649;1;646819;1;651699;1;664499;1;639319;1;620579;1;604839;1;564929;1;538399;1;515179;1;474379;1;451909;1;421369;1;381329;1;364049;1;327539;1;311989;1;304609;1;282059;1;257529;1;266629;1;93689;;;
P13;25;50;25;0;1392541;0;1393501;0;1385581;0;1362351;0;1331231;0;1278881;0;1165031;0;9803018;0;5911548;0;4275406;0;4667462;0;6792443;0;8329383;0;1316969;0;1976409;0;2873729;0;3848229;0;4937359;0;65271;0;664629;0;583427;0;5459509;0;521093;0;4575409;0;4006999;0;3453559;0;2852399;0;2318559;0;1895499;0;1552069;0;1320059;0;1207429;0;1094539;0;1029029;0;9262362;0;7956302;0;6714052;0;5413432;0;4282562;0;3376662;0;3601163;0;2989662;0;2899542;0;2925393;0;3840442;0;4728783;0;6324473;0;7955252;0;1003199;0;1367479;0;1914039;0;2727509;0;4119379;0;4989449;0;5358679;0;607814;0;7169139;0;7640759;0;768855;0;8241529;0;872371;0;961386;1;117111;1;220751;1;262521;1;265931;1;325491;1;397991;1;417711;1;459021;1;518151;1;558641;1;602581;1;622301;1;659581;1;727621;1;740521;1;738011;1;750101;1;734431;1;651621;1;651921;1;660721;1;646371;1;623831;1;591241;1;580501;1;552761;1;506521;1;489611;1;464041;1;421561;1;399031;1;367011;1;353221;1;335281;1;318231;1;282441;1;264691;1;287701;1;100271;;;
A1;0;0;100;0;1449115;0;1461925;0;1469705;0;1445145;0;1409345;0;1372935;0;1284295;0;1156145;0;8933442;0;4239742;0;2234658;0;5456648;0;6564818;0;1012431;0;1547605;0;2417215;0;3373575;0;4448685;0;6343285;0;7455085;0;7354425;0;7004955;0;6697465;0;5772355;0;4740165;0;3952725;0;3233315;0;2606665;0;2147425;0;1758525;0;1418335;0;1143895;0;9568609;0;7967859;0;7145508;0;6392199;0;4726128;0;3617768;0;2953918;0;1856998;0;1302726;0;6361083;0;7034376;0;7900313;0;1230819;0;1664932;0;2299888;0;3520208;0;4984478;0;7067119;0;1020232;0;1600745;0;2732555;0;3493525;0;3893625;0;4955345;0;6059005;0;6720495;0;6935325;0;7670855;0;7906765;0;7767445;0;9363775;1;109835;1;90915;1;14925;1;50355;1;123885;1;159445;1;186905;1;223745;1;270475;1;340165;1;391825;1;455955;1;519595;1;566465;1;597305;1;616995;1;634085;1;577635;1;587025;1;591184;1;589335;1;575565;1;557815;1;523815;1;513295;1;484945;1;454414;1;436234;1;419235;1;397215;1;364225;1;352005;1;320225;1;302155;1;280155;1;280964;1;283455;1;81815;;;
A2;100;0;0;0;1732131;0;1747701;0;1753471;0;1730981;0;1674011;0;1568231;0;1378223;0;1095174;0;7211705;0;2573895;0;1384716;0;6820986;0;1159529;0;1563429;0;2016139;0;2675749;0;3494809;0;4156579;0;4721629;0;5227398;0;5606868;0;5565258;0;4662988;0;3450659;0;2814809;0;2262469;0;1628139;0;1047669;0;8760487;0;7739785;0;8122386;0;9101187;0;1002179;0;9718786;0;7936287;0;6548986;0;4821945;0;3572915;0;2327706;0;1552755;0;1228596;0;1059416;0;1694656;0;2624876;0;4182125;0;5888686;0;8245087;0;1152139;0;1550179;0;2121609;0;3012009;0;4305099;0;5616078;0;6258848;0;6961479;0;7831048;0;8415868;0;8579798;0;8599508;0;8912699;1;975;1;19774;1;38384;1;472;1;4905;1;52006;1;54482;1;58514;1;61743;1;61575;1;62907;1;63654;1;65659;1;64652;1;69121;1;72917;1;72995;1;73698;1;73542;1;71831;1;63439;1;63297;1;63074;1;61597;1;59731;1;5739;1;53146;1;51041;1;47698;1;45674;1;42673;1;39902;1;36541;1;3332;1;32165;1;29367;1;26585;1;24492;1;23164;1;23708;1;5709;;;
A3;0;100;0;0;1658916;0;1502306;0;1637296;0;1606856;0;1567246;0;1517586;0;1444182;0;1290793;0;8504336;0;2166606;0;1984844;0;2188643;0;3085285;0;8527644;0;1712704;0;2766794;0;3850944;0;5058845;0;7023355;0;6637925;0;4838504;0;4135454;0;4143744;0;4085144;0;3853384;0;3461674;0;2995264;0;2426945;0;2022464;0;1630244;0;1295314;0;1075715;0;9591745;0;8134845;0;7071744;0;6106144;0;4879814;0;3937674;0;2685403;0;1830443;0;1572184;0;1009424;0;9837639;0;1063784;0;1937154;0;2849444;0;3714513;0;5139694;0;7117644;0;1011834;0;1539864;0;2310465;0;3797224;0;4787764;0;4966824;0;5521885;0;6790135;0;7309085;0;7251444;0;7889725;0;8310634;0;8644425;0;9915125;1;130552;1;159092;1;182782;1;230713;1;314802;1;351233;1;397312;1;436902;1;492452;1;545672;1;575492;1;627512;1;681902;1;703222;1;724602;1;701152;1;707492;1;630012;1;639432;1;632223;1;608532;1;596032;1;580703;1;552042;1;535432;1;483333;1;462932;1;428532;1;412532;1;359412;1;370402;1;343472;1;291952;1;278052;1;258602;1;239392;1;258172;1;59472;;;
A4;33;4;33;33;6;0;1631601;0;1646511;0;1645381;0;1620931;0;1565161;0;1508351;0;1379221;0;1177361;0;8153091;0;2880612;0;2444798;0;4944288;0;7113989;0;1179829;0;1775119;0;2625389;0;3569019;0;4591499;0;6073669;0;6387809;0;5935679;0;5644169;0;5334719;0;4501699;0;3805689;0;3242729;0;2636529;0;2016039;0;1646339;0;1345059;0;1124709;0;1007649;0;9573089;0;8645588;0;7473618;0;6325968;0;4984528;0;3823818;0;2902088;0;1883658;0;1544729;0;1046328;0;9919683;0;1527648;0;2467788;0;3267818;0;4661619;0;6474839;0;9006488;0;1289169;0;1834799;0;2713609;0;4100649;0;4901779;0;5289169;0;6098629;0;7154839;0;7597519;0;7635139;0;8137559;0;8662789;0;966125;1;136704;1;240134;1;270034;1;282074;1;333624;1;397494;1;432554;1;477004;1;512864;1;545224;1;610174;1;608204;1;665094;1;707944;1;740204;1;757334;1;729544;1;737494;1;652104;1;636424;1;634574;1;622254;1;611314;1;588604;1;539684;1;529284;1;504984;1;463974;1;450634;1;414864;1;375184;1;352654;1;331184;1;311724;1;284964;1;273894;1;255424;1;259294;1;61394;
A5;49;8;24;9;25;3;0;1636896;0;1647896;0;1657796;0;1628806;0;1581976;0;1508936;0;1365326;0;1151261;0;7825609;0;2667947;0;2483701;0;5680332;0;8329141;0;1283254;0;1845964;0;2630234;0;3542024;0;4493844;0;5769944;0;6091924;0;5830274;0;5646554;0;5163735;0;4223684;0;3566074;0;3002554;0;2370764;0;1753384;0;1437544;0;1178314;0;1036764;0;9927942;0;9734441;0;8997542;0;7731241;0;6417711;0;4855591;0;3775651;0;2669862;0;1758341;0;1556921;0;9069014;0;1290091;0;1623112;0;2901411;0;3985462;0;5544331;0;7507281;0;1032104;0;1465644;0;2121004;0;3076004;0;4451104;0;5246514;0;5673884;0;6535804;0;7515965;0;7854815;0;7861044;0;8300434;0;8996825;1;30237;1;191217;1;303407;1;334707;1;353317;1;399187;1;454487;1;501127;1;541497;1;571687;1;597017;1;637388;1;651187;1;667877;1;733757;1;744577;1;747317;1;751217;1;738567;1;644027;1;652757;1;636617;1;636837;1;610577;1;591877;1;558918;1;527027;1;481017;1;462327;1;438937;1;417067;1;394957;1;362937;1;342757;1;313537;1;280947;1;271317;1;244507;1;259758;1;60217
A6;24;9;25;3;49;8;0;1612125;0;1617395;0;1617675;0;1591635;0;1552805;0;1488845;0;1365415;0;1182065;0;8504487;0;3353587;0;2319623;0;4928213;0;6945423;0;1109765;0;1697755;0;2559765;0;3503415;0;4559025;0;6140305;0;6628066;0;6251816;0;5965645;0;5665846;0;4795145;0;4044365;0;3423135;0;2749545;0;2166775;0;1779755;0;1431975;0;1183725;0;1035515;0;9463353;0;8451464;0;7490063;0;6618603;0;5048753;0;3970053;0;2635393;0;1733403;0;1623253;0;9869628;0;1097583;0;1256093;0;1947023;0;2794843;0;3942683;0;5596732;0;7850083;0;1133385;0;1623225;0;2454685;0;3755445;0;4572295;0;5047895;0;5810345;0;6880116;0;7392656;0;7468126;0;8002526;0;8432366;0;9152645;1;84766;1;205755;1;230386;1;220176;1;276496;1;337226;1;380605;1;419935;1;456706;1;505445;1;555086;1;584326;1;651335;1;706226;1;709805;1;712296;1;723476;1;718626;1;647216;1;641876;1;638596;1;628605;1;607316;1;590826;1;553195;1;545965;1;497426;1;467536;1;438876;1;419706;1;393236;1;357916;1;349236;1;330185;1;289955;1;286426;1;247496;1;295706;1;73665
A7;25;50;25;0;1639059;0;1629289;0;1631209;0;1603709;0;1555599;0;1512719;0;1372929;0;1186169;0;8118188;0;2539188;0;2575262;0;4650842;0;6339422;0;1107241;0;1762781;0;2652831;0;3625721;0;4718391;0;6318901;0;6493141;0;5671371;0;5267211;0;5038841;0;4419461;0;3827321;0;3313211;0;2734861;0;2143391;0;1760691;0;1428771;0;1159761;0;1030021;0;9653312;0;8484612;0;7588732;0;6539123;0;4953632;0;3734552;0;2784882;0;1762642;0;1466242;0;1064652;0;9967418;0;1345222;0;2242242;0;2990112;0;4160942;0;5962912;0;8307712;0;1188321;0;1730471;0;2606311;0;3975871;0;4863441;0;5213511;0;5953071;0;7050841;0;7524391;0;7550281;0;8045492;0;8589351;0;9372791;1;964;1;20955;1;24551;1;2622;1;31222;1;38281;1;42026;1;46131;1;50239;1;55501;1;59138;1;60656;1;64025;1;7155;1;70183;1;73992;1;73359;1;7261;1;63983;1;6609;1;63224;1;61912;1;60943;1;59906;1;54813;1;53612;1;50367;1;47278;1;43169;1;41873;1;40278;1;35327;1;34405;1;31945;1;29155;1;27917;1;26093;1;2702;1;7675;;;
A8;50;1;0;49;9;0;1657692;0;1663482;0;1662393;0;1627253;0;1589793;0;1529793;0;1384493;0;1174721;0;8542575;0;3808536;0;1621785;0;5461935;0;8639574;0;1252577;0;1760118;0;2498128;0;3387927;0;4327787;0;5544787;0;6251137;0;6432657;0;6340787;0;5827137;0;4641517;0;3765337;0;3106487;0;2425537;0;1808088;0;1464888;0;1213418;0;1054057;0;9606574;0;9540674;0;8855174;0;7854904;0;6739105;0;4939235;0;3828204;0;2746544;0;1936014;0;1356754;0;8780044;0;1107745;0;1887565;0;2697334;0;3841365;0;5300294;0;7327324;0;9857474;0;1392258;0;1976487;0;2913048;0;4225458;0;4951958;0;5436648;0;6365767;0;7353618;0;7753817;0;7852727;0;8261847;0;8879367;1;17316;1;202336;1;302656;1;320946;1;325626;1;378186;1;425796;1;470316;1;517466;1;529916;1;576016;1;612056;1;624916;1;653796;1;742216;1;747556;1;744146;1;735866;1;725246;1;650426;1;646126;1;635476;1;624506;1;616886;1;586266;1;558406;1;531036;1;493696;1;476996;1;422776;1;404856;1;390546;1;351136;1;339796;1;306146;1;274456;1;283036;1;258586;1;269866;1;80006;
A9;66;6;33;4;0;0;1707006;0;1721416;0;1722086;0;1689996;0;1630486;0;1545676;0;1385826;0;1144193;0;7478652;0;2165542;0;2462728;0;5763208;0;9032038;0;1362464;0;1930694;0;2690524;0;3602504;0;4490894;0;5512684;0;5655024;0;5327014;0;5163114;0;4595154;0;3707394;0;3169504;0;2678214;0;2073074;0;1496474;0;1201774;0;1019224;0;9349839;0;9460738;0;9936239;0;9206338;0;7833038;0;6473978;0;4851778;0;3692878;0;2617418;0;1788678;0;1469958;0;1014958;0;1340738;0;2128758;0;3349078;0;4722468;0;6794038;0;9148939;0;1245224;0;1746664;0;2507504;0;3626114;0;5018534;0;5721354;0;6279934;0;7106334;0;7983994;0;8180234;0;8162584;0;8550994;0;9442904;1;112533;1;273523;1;379633;1;406933;1;439943;1;486933;1;534703;1;566943;1;607693;1;611113;1;626923;1;655413;1;651603;1;680773;1;745863;1;750333;1;745453;1;724213;1;729003;1;639123;1;628314;1;638083;1;609883;1;601424;1;580953;1;542133;1;515693;1;495773;1;470973;1;420253;1;410863;1;373653;1;344373;1;309933;1;297623;1;281453;1;247273;1;231723;1;245633;1;53193;
A10;0;33;4;66;6;0;1564336;0;1561446;0;1568956;0;1547256;0;1510066;0;1454526;0;1354246;0;1217546;0;8947025;0;3713745;0;2248435;0;4425105;0;5384405;0;9532985;0;1580485;0;2532434;0;3527155;0;4653994;0;6572515;0;7160485;0;6502985;0;6019155;0;5809475;0;5192595;0;4411235;0;3754984;0;3140514;0;2538494;0;2110274;0;1688145;0;1360015;0;1111275;0;9370005;0;8036955;0;7021774;0;6421145;0;4922925;0;3939595;0;2880155;0;1744905;0;1253281;0;8335687;0;8306118;0;1158867;0;1387745;0;1784385;0;2776685;0;3955895;0;5614145;0;8391054;0;1210624;0;1865325;0;3110355;0;3941354;0;4306124;0;5227505;0;6305965;0;6955215;0;7077535;0;7786535;0;8050915;0;8056375;0;9562915;1;121807;1;124717;1;81918;1;126467;1;196517;1;239508;1;280088;1;317198;1;372427;1;433357;1;467468;1;535528;1;614898;1;633788;1;650607;1;671398;1;656128;1;607897;1;619868;1;619727;1;617568;1;602178;1;588467;1;549547;1;504478;1;493217;1;484078;1;433838;1;411048;1;383718;1;359258;1;336337;1;336347;1;294258;1;289217;1;279898;1;264307;1;78968;
A11;75;0;25;0;1697473;0;1713433;0;1726553;0;1703793;0;1639743;0;1553663;0;1391093;0;1158887;0;7891473;0;3260336;0;1854887;0;6352988;0;1003847;0;1381017;0;1863247;0;2573457;0;3451457;0;4237217;0;5130607;0;5735217;0;6011196;0;5963927;0;5215777;0;4015967;0;3264137;0;2656357;0;2008667;0;1409467;0;1132247;0;9628567;0;9130168;0;9403767;0;9826167;0;9168467;0;7930267;0;6612197;0;4903207;0;3823457;0;2658258;0;1703057;0;1460257;0;1049127;0;1393117;0;2132307;0;3320587;0;4892147;0;6703657;0;9517367;0;1277337;0;1787947;0;2506157;0;3614477;0;4912927;0;5556357;0;6191196;0;7133307;0;7943116;0;8160917;0;8264947;0;8620317;0;9520637;1;130805;1;301205;1;403905;1;418575;1;443715;1;487555;1;529545;1;559865;1;593165;1;614965;1;614965;1;638005;1;662555;1;690025;1;735025;1;731265;1;745385;1;737185;1;723605;1;646165;1;638885;1;627505;1;621025;1;619865;1;581655;1;545005;1;532295;1;497585;1;458905;1;423255;1;404615;1;371055;1;349625;1;330815;1;305365;1;275235;1;258315;1;259855;1;245685;1;58955;;;
A12;25;0;75;0;1597646;0;1604186;0;1605885;0;1581306;0;1533515;0;1480435;0;1354555;0;1193215;0;8980304;0;4365954;0;1628656;0;5080856;0;7389036;0;1110785;0;1645445;0;2446515;0;3363365;0;4361275;0;5926644;0;6813715;0;6863055;0;6660634;0;6287695;0;5202975;0;4246375;0;3515455;0;2807965;0;2193215;0;1780255;0;1465155;0;1214575;0;1046385;0;9225145;0;8508746;0;7636225;0;6532156;0;4903566;0;3824586;0;2651376;0;1913136;0;1495996;0;8277557;0;1094876;0;1364576;0;1926676;0;2661766;0;3862346;0;5257576;0;7228336;0;1037055;0;1521275;0;2262795;0;3494605;0;4235685;0;4746325;0;5769814;0;6709545;0;7243904;0;7433525;0;7949095;0;8358834;0;9008024;1;73808;1;199628;1;206548;1;185248;1;233648;1;302629;1;344728;1;380509;1;411769;1;454648;1;524459;1;555039;1;604118;1;675559;1;681278;1;720199;1;706578;1;698748;1;656858;1;633888;1;642918;1;633448;1;620788;1;600738;1;551778;1;525518;1;490878;1;472258;1;444538;1;424168;1;395928;1;365198;1;327699;1;322238;1;310738;1;272228;1;268669;1;272078;1;63368;;;
A13;33;4;66;6;0;0;1803602;0;1805682;0;1762272;0;1708582;0;1637212;0;1556702;0;1430632;0;1200412;0;7911816;0;1941916;0;3017164;0;4672364;0;6758244;0;1179421;0;1877289;0;2774249;0;3742289;0;4801519;0;6311319;0;6138918;0;5067899;0;4702049;0;4466029;0;3975469;0;3555829;0;3087938;0;2519059;0;1998729;0;1593468;0;1279747;0;1062205;0;9661894;0;9526374;0;8680084;0;7397106;0;6270345;0;4903824;0;3788684;0;2752044;0;2020095;0;1309514;0;1555274;0;1411085;0;1715874;0;2900155;0;3789734;0;5302454;0;7389858;0;1018202;0;1472876;0;2026498;0;2959359;0;4413109;0;5311489;0;5670519;0;6427869;0;7439178;0;7824409;0;7793149;0;8238639;0;8843658;0;9973068;1;151858;1;256418;1;298998;1;338668;1;390638;1;441488;1;495918;1;529668;1;549358;1;608278;1;617228;1;636508;1;682058;1;741498;1;748068;1;752308;1;740108;1;728488;1;656988;1;639928;1;645338;1;631368;1;622248;1;589888;1;569918;1;545398;1;500028;1;481138;1;446038;1;417688;1;389898;1;369358;1;362468;1;322498;1;320678;1;292868;1;268108;1;290868;1;65471;
A14;0;66;7;33;3;0;1750757;0;1735097;0;1686777;0;1648367;0;1580417;0;1507367;0;1401097;0;1232637;0;8585569;0;2739768;0;3017392;0;3883992;0;4622232;0;9520971;0;168675;0;2681713;0;3681353;0;4853793;0;6818764;0;6936004;0;5619353;0;5069893;0;4954133;0;4644303;0;4157863;0;3615294;0;3048513;0;2521233;0;2047733;0;1642977;0;1303802;0;1063543;0;9322225;0;8081492;0;7309212;0;6110062;0;4870662;0;3667792;0;3013762;0;2111872;0;1332632;0;1202071;0;9449609;0;9947419;0;1879462;0;2294122;0;3351172;0;4669912;0;6641922;0;1017824;0;1420446;0;2128553;0;3481933;0;4379113;0;4714973;0;5580943;0;6589383;0;7179323;0;7273573;0;7941033;0;8190004;0;8392783;0;9839413;1;132054;1;149164;1;146654;1;191864;1;275994;1;309254;1;358414;1;394994;1;448204;1;497464;1;556724;1;597084;1;672034;1;686674;1;686894;1;694514;1;720674;1;637554;1;633454;1;648214;1;628344;1;620084;1;598914;1;578144;1;527034;1;509704;1;492974;1;454424;1;432194;1;400814;1;386144;1;378104;1;345514;1;312464;1;299734;1;303554;1;310604;1;72355;
A15;33;4;33;33;6;0;1780954;0;1782604;0;1735984;0;1686984;0;1629524;0;1551194;0;1426384;0;1217214;0;8476443;0;3210742;0;2321198;0;4956768;0;7285548;0;1171575;0;1763997;0;2621676;0;3563126;0;4581346;0;6065976;0;6348186;0;5857726;0;5625086;0;5292316;0;4482506;0;3823316;0;3229406;0;2590466;0;2027296;0;1625304;0;132256;0;1075454;0;9547279;0;9460209;0;8783958;0;7572598;0;6433628;0;4864168;0;3682848;0;2889678;0;1995798;0;1516577;0;1354458;0;1411488;0;1528408;0;2718778;0;3556008;0;4672858;0;6590028;0;9265087;0;1336846;0;1874757;0;2737776;0;4076006;0;4887676;0;5315516;0;6178456;0;7203846;0;7652246;0;7696156;0;8178656;0;8696136;0;9719136;1;14837;1;24548;1;28028;1;29613;1;34171;1;4123;1;44693;1;48657;1;52162;1;56252;1;60545;1;63156;1;65515;1;70941;1;72637;1;74663;1;74506;1;72603;1;65364;1;65448;1;6651;1;63587;1;62471;1;6001;1;56969;1;55536;1;50341;1;47864;1;45651;1;43085;1;41766;1;37692;1;36744;1;33925;1;32008;1;30593;1;2788;1;29538;1;72354;
A16;75;0;25;0;1697473;0;1713433;0;1726553;0;1703793;0;1639743;0;1553663;0;1391093;0;1158887;0;7891473;0;3260336;0;1854887;0;6352988;0;1003847;0;1381017;0;1863247;0;2573457;0;3451457;0;4237217;0;5130607;0;5735217;0;6011196;0;8228047;0;5215777;0;4015967;0;3264137;0;2656357;0;2008667;0;1409467;0;1132247;0;9628567;0;9130168;0;9403767;0;9826167;0;9168467;0;7930267;0;6612197;0;4903207;0;3823457;0;2658258;0;1703057;0;1460257;0;1049127;0;1393117;0;2132307;0;3320587;0;4892147;0;6703657;0;9517367;0;1277337;0;1787947;0;2506157;0;3614477;0;4912927;0;5556357;0;6191196;0;7133307;0;7943116;0;8160917;0;8264947;0;8620317;0;9520637;1;130805;1;301205;1;403905;1;418575;1;443715;1;487555;1;529545;1;559865;1;593165;1;614965;1;614965;1;638005;1;662555;1;690025;1;735025;1;731265;1;745385;1;737185;1;723605;1;646165;1;638885;1;627505;1;621025;1;619865;1;581655;1;545005;1;532295;1;497585;1;458905;1;423255;1;404615;1;371055;1;349625;1;330815;1;305365;1;275235;1;258315;1;259855;1;245685;1;58955;;;
B1;100;0;0;0;1665863;0;1689323;0;1680713;0;1657323;0;1601563;0;152084;0;1342932;0;1060072;0;678583;0;2279907;0;1858183;0;7302174;0;1203037;0;1606347;0;2050267;0;2691907;0;3534987;0;4169947;0;4712507;0;5239888;0;5598317;0;5569398;0;4639587;0;3455387;0;2837957;0;2235467;0;1595327;0;1064957;0;8635174;0;7534574;0;7568474;0;8997273;0;9829074;0;9890173;0;8372474;0;6332473;0;5004073;0;3607884;0;2564093;0;1689093;0;1747074;0;1115553;0;1460784;0;2463384;0;3872534;0;5876474;0;8317874;0;1114667;0;1536357;0;2165758;0;3017777;0;4284897;0;5576308;0;6246098;0;6947318;0;7793388;0;8372357;0;8508688;0;8559257;0;8860807;1;8257;1;202507;1;379157;1;453817;1;482817;1;505687;1;539517;1;575357;1;592667;1;594517;1;630007;1;639157;1;643677;1;644327;1;686377;1;733657;1;728527;1;744147;1;713967;1;722897;1;630807;1;636997;1;629377;1;613997;1;591457;1;571117;1;525037;1;505227;1;481047;1;444047;1;418607;1;389767;1;373637;1;334597;1;304517;1;298757;1;269037;1;236537;1;218797;1;236657;1;60487;;;
B2;0;100;0;0;1571909;0;1550189;0;1548149;0;1521949;0;1495399;0;1453849;0;1365239;0;1176532;0;7492574;0;1165328;0;3839557;0;4061477;0;4321928;0;9735407;0;1816261;0;2839451;0;3910501;0;514541;0;709188;0;6672921;0;4836191;0;4182701;0;4199181;0;4146451;0;3909291;0;3486991;0;2993901;0;2505711;0;2026571;0;1597821;0;1275231;0;1076351;0;9213707;0;8281907;0;7017957;0;5813847;0;4992067;0;3857488;0;2615227;0;1752917;0;1776947;0;1174897;0;1269408;0;1347217;0;1884997;0;2556577;0;3691358;0;5018298;0;7117997;0;1037621;0;1530391;0;2286301;0;3768321;0;4765121;0;500801;0;556627;0;671515;0;7265111;0;7260031;0;791914;0;8287551;0;8589091;0;9858121;1;125132;1;157822;1;181432;1;242532;1;309062;1;350712;1;380512;1;448562;1;498682;1;553202;1;575272;1;628932;1;684082;1;712332;1;713162;1;709602;1;713982;1;627382;1;631452;1;626922;1;615662;1;604022;1;573532;1;557602;1;529622;1;512692;1;466632;1;440702;1;417082;1;388512;1;352642;1;326522;1;317212;1;281772;1;278632;1;259112;1;256482;1;80512;;;
B3;0;0;100;0;1473943;0;1468063;0;1194833;0;1453913;0;1427653;0;1378273;0;1295793;0;1180593;0;907359;0;4555659;0;1955271;0;5392211;0;6653261;0;1017437;0;1536757;0;2405987;0;3378287;0;4613657;0;6360818;0;7401018;0;7321727;0;6976237;0;6681867;0;5755078;0;4693647;0;3915957;0;3192177;0;2604077;0;2120667;0;1720077;0;1365607;0;1124047;0;9151122;0;8249901;0;733332;0;6273121;0;4968971;0;3744741;0;2574581;0;1761771;0;1658581;0;1050421;0;8680799;0;8177259;0;1165531;0;1725051;0;2494471;0;3354021;0;4617261;0;6968071;0;1035157;0;1576827;0;2702657;0;3454177;0;3910847;0;4985947;0;6028367;0;6655188;0;6934828;0;7661247;0;7864658;0;7766888;0;9406728;1;103918;1;75198;1;3528;1;44598;1;113848;1;143108;1;173088;1;220298;1;267708;1;332008;1;385428;1;451918;1;528728;1;562908;1;592648;1;601038;1;623098;1;573158;1;593568;1;592898;1;571078;1;583148;1;554858;1;516708;1;506408;1;459528;1;439388;1;436378;1;415598;1;387078;1;373018;1;335698;1;314638;1;289668;1;274838;1;250228;1;264388;1;100358;;;
B4;50;50;0;0;1472119;0;1499356;0;147004;0;1447352;0;1455697;0;1379279;0;1225595;0;1003475;0;6493446;0;8369461;0;4365754;0;6892055;0;9562153;0;1457665;0;1980996;0;2745585;0;3696105;0;4782006;0;5956746;0;5921565;0;5252506;0;4991825;0;4579486;0;3901365;0;3402336;0;2904115;0;2316485;0;1775755;0;1408675;0;1141625;0;1001635;0;9870952;0;9611753;0;9110954;0;7695654;0;6276155;0;5357453;0;3830454;0;2713352;0;1576254;0;1763654;0;9574533;0;1323754;0;1806954;0;2603254;0;3881752;0;6103954;0;7685953;0;1072885;0;1538475;0;2203575;0;3170896;0;4322646;0;5374305;0;5889415;0;6577365;0;7507315;0;7820686;0;7872486;0;8323185;0;9119385;1;30779;1;195868;1;285329;1;325959;1;370079;1;412829;1;472139;1;524068;1;537129;1;559499;1;596179;1;623819;1;649579;1;675079;1;715659;1;740788;1;730449;1;715518;1;711069;1;624999;1;626119;1;633849;1;604339;1;577149;1;551259;1;541489;1;508769;1;479998;1;432609;1;397999;1;394789;1;365639;1;339818;1;295738;1;304119;1;268019;1;237099;1;234368;1;254449;1;56399;;;
B5;50;0;50;0;1577173;0;1590543;0;1567643;0;1565523;0;1517663;0;1457263;0;1337753;0;1146132;0;8151124;0;3522079;0;1894986;0;5926546;0;9119667;0;1309167;0;1797027;0;2551197;0;3446467;0;4361157;0;5566056;0;6269197;0;6417056;0;6321847;0;5809517;0;4641587;0;3770867;0;3097917;0;2471177;0;1849467;0;1442957;0;1170367;0;1018187;0;9668367;0;9362766;0;8995667;0;7835867;0;6437907;0;5210527;0;3794226;0;2739176;0;1914727;0;1617936;0;1266416;0;1288736;0;1465257;0;2734976;0;3820826;0;5344996;0;7260866;0;9815867;0;1402647;0;2009207;0;2901727;0;4188257;0;4917797;0;5426937;0;6351306;0;7293227;0;7688127;0;7843087;0;8266377;0;8879117;1;18772;1;210002;1;291712;1;315842;1;317682;1;374592;1;421662;1;466962;1;502222;1;541652;1;570282;1;614452;1;612022;1;679902;1;715752;1;735262;1;730302;1;742092;1;721972;1;626782;1;627682;1;639472;1;616712;1;594922;1;598452;1;557392;1;529522;1;508932;1;463662;1;442022;1;425652;1;384642;1;350512;1;335292;1;306332;1;275702;1;265682;1;255772;1;276702;1;85402;;;
B6;0;49;9;50;1;0;1503943;0;1511473;0;1501683;0;1478523;0;1421323;0;1329433;0;1299913;0;1175733;0;8160947;0;2703647;0;3257304;0;4827043;0;5507494;0;9973273;0;1687447;0;2633877;0;3647797;0;4801367;0;6735477;0;7029697;0;6071398;0;5555947;0;5414197;0;4913767;0;4282077;0;3684057;0;3101517;0;2560347;0;2068327;0;1661468;0;1322438;0;1116877;0;9097414;0;8412964;0;7431914;0;6079604;0;5011204;0;3963684;0;2702834;0;1614404;0;1662284;0;1069573;0;9112636;0;7991135;0;1365014;0;1972033;0;2818514;0;4057144;0;5842423;0;8624484;0;1270847;0;1934128;0;3242777;0;4125997;0;4458217;0;5359377;0;6381077;0;6952437;0;7153537;0;7843397;0;8080547;0;8184627;0;9620938;1;113007;1;121937;1;99387;1;152027;1;218757;1;260417;1;293257;1;354167;1;396307;1;456547;1;505037;1;576097;1;632757;1;663997;1;681317;1;679877;1;684077;1;596227;1;622737;1;604517;1;604857;1;601067;1;581267;1;545347;1;533087;1;487477;1;467407;1;430467;1;421957;1;390867;1;370567;1;337477;1;315897;1;287777;1;264027;1;260427;1;272137;1;96417;
B7;75;0;25;0;1631036;0;1640586;0;1631566;0;1614386;0;1572106;0;1482596;0;1338273;0;1097509;0;7402913;0;2838053;0;2286518;0;6734636;0;1055514;0;1462094;0;1920054;0;2616124;0;3492744;0;4305994;0;5178834;0;5774404;0;6037244;0;5974254;0;5215734;0;4044564;0;3302864;0;2683374;0;2019234;0;1455314;0;1142384;0;9583037;0;8940336;0;9357136;0;9567337;0;9402037;0;8091436;0;6488937;0;5342377;0;3673537;0;2443497;0;1615037;0;1358207;0;1228227;0;1546947;0;2240736;0;3218636;0;5034527;0;6846836;0;9156737;0;1246574;0;1763754;0;2466734;0;3562834;0;4849464;0;5541654;0;6179064;0;7068594;0;7862864;0;8134424;0;8240644;0;8564864;0;9473514;1;134995;1;301045;1;383196;1;408865;1;439665;1;476765;1;520715;1;552096;1;590045;1;609825;1;619185;1;626475;1;654415;1;699925;1;743795;1;748645;1;736815;1;728605;1;722345;1;640355;1;639015;1;622165;1;612955;1;596335;1;582595;1;532895;1;509255;1;488295;1;446415;1;452995;1;394475;1;381545;1;349815;1;323985;1;314215;1;269555;1;252045;1;240185;1;246966;1;57745;;;
B8;25;7;0;74;3;0;1522177;0;1530167;0;1519067;0;1501787;0;1476797;0;1426627;0;1329406;0;1157417;0;8496505;0;3926215;0;1970545;0;5899775;0;7955804;0;1164284;0;1672184;0;2466604;0;3384314;0;4416394;0;5951684;0;6803563;0;6846653;0;6654173;0;6258733;0;5182303;0;4208553;0;3510883;0;2785504;0;2207454;0;1783563;0;1433274;0;1178603;0;1040643;0;9263735;0;8626334;0;7654254;0;6386726;0;5101554;0;3740085;0;2606075;0;1587925;0;1798125;0;9433446;0;1223245;0;1363534;0;2027005;0;2769155;0;4206525;0;5252615;0;7230344;0;1058193;0;1516644;0;2246754;0;3469154;0;4220954;0;4763754;0;5807173;0;6725373;0;7153713;0;7393543;0;7954323;0;8326773;0;8952973;1;70202;1;193622;1;198352;1;174342;1;227472;1;296712;1;336342;1;378752;1;424442;1;460362;1;519362;1;549392;1;618602;1;681672;1;697232;1;717252;1;698972;1;714482;1;616192;1;638002;1;621552;1;629662;1;605972;1;597722;1;557882;1;526832;1;505152;1;479352;1;443312;1;423382;1;397372;1;378882;1;346352;1;316392;1;313742;1;271682;1;239372;1;272442;1;84452;
B9;50;25;25;0;1582728;0;1588598;0;1589908;0;1566648;0;1533888;0;1455118;0;1330598;0;1107034;0;740298;0;2406206;0;2659329;0;598832;0;862252;0;1300262;0;1871532;0;2655232;0;3585092;0;4542972;0;5757032;0;6082132;0;5822693;0;5633672;0;5145082;0;4198802;0;3544032;0;2959052;0;2341482;0;1781782;0;1411362;0;1129412;0;990202;0;968682;0;9566419;0;898032;0;791242;0;646506;0;5119329;0;374604;0;286275;0;170003;0;152551;0;9893496;0;1353849;0;191365;0;279084;0;400811;0;56697;0;7651819;0;1039562;0;1491202;0;2091692;0;3062032;0;4398272;0;5198202;0;5691022;0;6534562;0;7464452;0;7772202;0;7884302;0;8290923;0;8999622;1;28393;1;195913;1;294563;1;330563;1;344413;1;395953;1;450713;1;493793;1;520703;1;573963;1;577383;1;617483;1;631363;1;674233;1;727133;1;751353;1;740843;1;717293;1;731283;1;631453;1;636333;1;649133;1;623953;1;605213;1;589473;1;549563;1;523033;1;499813;1;459013;1;436543;1;406003;1;365963;1;348683;1;312173;1;296623;1;289243;1;266693;1;242163;1;251263;1;78323;;;
B10;25;50;25;0;1560926;0;1561886;0;1553966;0;1530736;0;1499616;0;1447266;0;1333416;0;1148687;0;7595397;0;211139;0;2983613;0;5108594;0;6645533;0;1148584;0;1808024;0;2705344;0;3679844;0;4768974;0;6358715;0;6477905;0;5665885;0;5291125;0;5042545;0;4407024;0;3838614;0;3285174;0;2684014;0;2150174;0;1727114;0;1383684;0;1151674;0;1039044;0;9261544;0;8606444;0;7578513;0;6272453;0;5030203;0;3729583;0;2598713;0;1692813;0;1917313;0;1305813;0;1215693;0;1241544;0;2156593;0;3044933;0;4640624;0;6271403;0;8348143;0;1199094;0;1745654;0;2559124;0;3950994;0;4821064;0;5190294;0;5909755;0;7000754;0;7472374;0;7520165;0;8073145;0;8555325;0;9445475;1;100272;1;203912;1;245682;1;249093;1;308652;1;381152;1;400872;1;442183;1;501312;1;541802;1;585742;1;605463;1;642742;1;710783;1;723682;1;721172;1;733263;1;717592;1;634783;1;635082;1;643883;1;629532;1;606992;1;574402;1;563662;1;535922;1;489682;1;472772;1;447203;1;404722;1;382192;1;350173;1;336383;1;318443;1;301392;1;265603;1;247852;1;270863;1;83433;;;
B11;25;25;50;0;15449;0;154421;0;15362;0;152489;0;148343;0;143432;0;132253;0;1148406;0;8073434;0;3156294;0;2539716;0;5300226;0;7246387;0;114521;0;175405;0;261415;0;356393;0;461441;0;615253;0;6629699;0;624321;0;597801;0;565138;0;480291;0;403552;0;339362;0;275236;0;218885;0;175413;0;142308;0;118757;0;103385;0;9328297;0;8519897;0;7652937;0;6199066;0;5322916;0;3877247;0;2708136;0;1744166;0;1779826;0;1123226;0;1160606;0;1253976;0;1629916;0;2894296;0;4251086;0;5572496;0;8034126;0;116835;0;162328;0;239977;0;366548;0;451527;0;5004179;0;579824;0;68505;0;734923;0;749657;0;803059;0;843372;0;918734;1;869;1;19835;1;21623;1;21529;1;27469;1;34493;1;38108;1;41109;1;46658;1;50985;1;55941;1;58925;1;63396;1;69072;1;69952;1;7202;1;71153;1;70429;1;64273;1;64462;1;63464;1;62879;1;61296;1;59097;1;5491;1;53064;1;48592;1;47555;1;44905;1;41584;1;38288;1;36078;1;32229;1;31338;1;29172;1;27176;1;25972;1;27192;1;8993;;;
