time;RIS-RIS-QI01_TT;IPU-IPU-FB18;SAN-SAN3-FB01;SAN4-ANL1-QI02;SAN4-ANL1-QI01;SAN-SAN3-ML01;POL_FT04;IPU_LT01;PHA5-SED5-QI11;PHA5-SED5-QI01;
13-02 13;7,771404166;3004,513631;637,741703;226,2496331;7,863857529;40,09999847;3,484608328;2,40512319;23,33408855;16,2822087
13-02 14;8,099894159;3056,993267;642,2193784;265,3010944;7,943599452;40,09999847;3,621233633;2,504653119;23,48220411;14,35229276
13-02 15;8,394038196;3041,281665;637,8093893;270,0549226;7,958879266;40,09999847;3,609693429;2,484957962;24,23795107;13,87938829
13-02 16;8,60804145;3026,864281;535,0068417;306,9971701;7,901914004;30,29489458;3,035508536;2,482679309;24,55455512;13,90521062
13-02 17;8,714014105;3012,757225;526,7237384;331,6715152;7,868428731;29,89999962;3,156447393;2,474370482;32,50088243;12,93134504
13-02 18;8,751795489;2723,84643;481,5843094;336,0643342;7,860637934;29,89999962;2,902003239;2,33414693;36,70423567;13,15527152
13-02 19;8,808436991;2201,854286;394,5405209;359,7928661;7,829037132;29,89999962;2,373422563;2,481005835;34,73951613;13,7056878
13-02 20;8,816605801;2201,432504;384,0793185;356,6086253;7,857204503;29,89999962;2,302902902;2,600412762;33,34206515;14,12984084
13-02 21;8,721560634;2207,327585;387,90536;369,7786255;7,82331431;29,89999962;2,432517237;2,741652973;32,15244661;15,50679363
13-02 22;8,642338662;2195,974174;387,9702284;388,3129779;7,796844888;29,89999962;2,440023064;3,011338405;31,16802345;17,2125863
13-02 23;8,484819214;2205,713319;383,6745113;348,546543;7,762752867;29,89999962;2,403395605;3,35917385;30,43553959;17,99689912
14-02 00;8,411160244;2196,091882;395,1053015;339,3808243;7,716791774;29,89999962;2,366439416;3,645176161;28,85719544;18,23122117
14-02 01;8,423822834;2202,196309;381,1934207;293,8031972;7,674153732;29,89999962;2,29639754;3,883300314;27,83568658;20,47323127
14-02 02;8,619815158;2200,78062;390,9090842;308,901301;7,651734761;29,89999962;2,237048959;4,148979227;26,64290806;23,03882847
14-02 03;8,775188965;2203,954287;394,7860087;266,6860152;7,661290499;29,89999962;2,261752069;4,400382301;24,87096901;23,18940369
14-02 04;8,85811538;2190,306605;409,7776505;244,1932711;7,649170636;29,89999962;2,342697461;4,594917395;24,03157278;22,29254502
14-02 05;8,828289046;2200,08583;406,9017513;237,9078223;7,631567265;29,89999962;2,229741555;4,714399683;23,76651422;22,88513301
14-02 06;8,693135962;3320,448804;546,4474075;288,0690279;7,617604367;29,89999962;2,98774693;4,5579303;23,19248266;23,31684019
14-02 07;8,744005889;3375,385288;561,5079475;366,1516702;7,647398344;29,89999962;3,066632607;4,249693731;22,48234026;25,08772609
14-02 08;8,766093466;3401,096633;577,7563129;247,5491565;7,691902002;29,89999962;3,14143306;3,972133637;21,15073305;24,92505719
14-02 09;8,566094354;3387,16877;575,4494317;236,1424453;7,789015512;29,89999962;3,139755112;3,737666566;21,478316;23,33586105
14-02 10;8,184026471;3399,607584;568,293094;195,7435895;7,836769165;29,89999962;3,104078808;3,467836138;21,71129122;22,70282238
14-02 11;7,86351629;3392,380373;577,2551446;195,941517;7,771363102;29,89999962;3,153258825;3,106137818;22,11843006;21,5319006
14-02 12;7,996156319;3350,906076;571,6711574;269,0317712;7,854812953;29,89999962;3,118742078;2,688853327;22,34857822;20,02962185
14-02 13;8,108982594;2936,658711;513,5374857;270,7256135;7,744446681;29,89999962;2,804597469;2,327386744;22,72302075;17,02862611
14-02 14;7,940408258;2781,84014;486,7051159;261,9386072;7,834248256;29,89999962;2,78691455;2,381964646;22,88563283;16,25730292
14-02 15;8,11383938;2746,11698;484,6929264;292,6812573;8,020868768;30,99382402;2,774031801;2,43045479;23,50207283;16,44025386
14-02 16;8,255308017;2622,975126;545,6656459;317,8319847;8,033246223;35,09999847;3,132678583;2,419009121;23,40096288;15,84246207
14-02 17;8,426658785;2727,839004;572,7681771;366,5677959;7,734708818;35,09999847;3,433100556;2,542130509;25,49054831;17,61900931
14-02 18;8,460289595;2557,921276;549,4764073;376,2508198;7,866450043;35,09999847;3,291583544;2,394779026;27,36900431;17,18385464
14-02 19;8,38079875;2326,13321;479,028618;366,3144084;7,83934568;35,09999847;2,875417997;2,363079025;28,39768292;18,08973591
14-02 20;8,405804693;2350,598065;492,0686504;363,2930732;7,800002922;35,09999847;2,947804786;2,46094292;28,52261908;20,79442512
14-02 21;8,311515306;2318,198834;495,938013;353,4350319;7,813031647;35,09999847;3,119199334;2,482041709;28,3422215;21,8938373
14-02 22;8,142690218;2547,124464;538,1894936;334,5606304;7,794921821;35,09999847;3,372547557;2,625962213;27,70754225;23,33664973
14-02 23;8,079761281;2794,728301;586,1512197;365,2668179;7,795356404;35,09999847;3,679652432;2,816906097;27,13424676;24,23298279
15-02 00;8,152516116;2798,416553;574,4374906;369,8468416;7,762408248;35,09999847;3,458577458;2,951309409;26,14320199;25,8763917
15-02 01;8,460447813;2582,475538;548,1553812;340,7409553;7,699505009;35,09999847;3,30330519;3,056254051;25,9061508;26,62288052
15-02 02;8,75395705;2397,805554;511,6911375;329,9697952;7,700263433;35,09999847;2,933734267;3,287670757;25,35575609;26,08188924
15-02 03;8,807919006;2392,791168;515,6356608;324,7669148;7,689064921;35,09999847;2,949079908;3,472929692;25,36152749;25,14315388
15-02 04;8,850952175;2399,579762;522,9621357;307,3685977;7,672765445;35,09999847;3,001090497;3,595846311;25,09999101;25,42280779
15-02 05;8,814229608;2402,32929;520,8273817;295,6975924;7,651661652;35,09999847;2,851635862;3,638718723;24,60860628;25,45102986
15-02 06;8,83439523;2791,597856;577,6887761;308,6260119;7,672691491;35,09999847;3,150666548;3,525373775;23,89185855;24,66100298
15-02 07;8,836729491;2928,119828;611,8420309;253,4766914;7,722912193;35,09999847;3,331888793;3,274293031;23,04590151;24,44999029
15-02 08;8,685424488;2994,664674;620,3875984;234,5469499;7,851111285;35,09999847;3,381304739;2,876977979;22,13792712;23,45891051
15-02 09;8,388247189;2422,522882;519,8501146;308,1962433;7,906460228;35,09999847;2,835049698;2,489508502;22,764361;22,67041302
15-02 10;8,201999335;2443,718381;529,6578609;392,5282148;7,914999313;35,09999847;2,889106589;2,480257109;23,31551704;24,33148974
15-02 11;8,040776486;2307,540429;491,7094699;30,92693764;7,902194567;35,09999847;2,684494688;2,638177419;23,65148889;20,69033202
15-02 12;7,880604129;3137,888712;645,9797213;144,7791599;7,904658279;35,09999847;3,514202726;2,597450096;24,05133696;18,60060848
15-02 13;7,860383442;3115,359395;640,0444117;252,9170167;7,971327432;35,09999847;3,490294805;2,388392202;23,60235387;16,95499215
15-02 14;8,069661015;3100,612259;622,1531321;298,270155;8,207552579;35,09999847;3,558352863;2,311600444;22,90816168;16,96395062
15-02 15;8,250694953;2946,775692;615,9284943;287,0694848;8,04540785;35,09999847;3,535267377;2,144457264;23,70408381;18,09771678
15-02 16;8,639503309;2570,507286;550,9282769;304,7560121;8,033523409;35,09999847;3,154937534;2,20146746;24,32838349;15,99692296
15-02 17;9,175960523;2558,465131;534,44543;331,9063822;7,941694289;35,09999847;3,217476619;2,402482541;26,18760991;14,54214971
15-02 18;9,238732931;2633,515989;556,0797689;351,6348397;7,904362388;35,09999847;3,340991357;2,492308544;27,72704011;14,66445022
15-02 19;9,33656143;2470,290313;521,6615011;350,1029049;7,916386309;35,09999847;3,142005836;2,40637043;28,29431011;16,00524768
15-02 20;9,38622364;2306,604156;484,9581977;333,9252654;7,883732991;35,09999847;2,918256622;2,376909176;28,01113628;16,8537804
15-02 21;9,390940952;2142,562627;451,6531276;310,2160353;7,921246978;35,09999847;2,836504572;2,384582658;27,90343083;18,81138583
15-02 22;9,281518966;2202,901896;455,827525;340,1520804;7,848952927;35,09999847;2,863258997;2,500124692;27,86102114;20,51021055
15-02 23;9,13293079;2417,340781;505,2924184;338,7198765;7,863052811;35,09999847;3,165610611;2,628898987;27,87857898;21,49390474
16-02 00;9,130106284;2762,906515;571,2941776;330,0993992;7,832551235;35,09999847;3,428507074;2,766717586;27,5124253;23,39232103
16-02 01;9,320624583;2797,792784;568,5445646;338,9722714;7,764783836;35,09999847;3,41156693;2,864583161;27,68058842;23,58290865
16-02 02;9,706587346;2801,374778;579,175407;321,9362561;7,789341362;35,09999847;3,320380716;2,976632802;26,9458013;25,19757356
16-02 03;9,94511283;2803,514;566,4022244;327,4615688;7,807338395;35,09999847;3,248825198;3,009578258;26,16154425;25,97016243
16-02 04;10,04938636;2804,168768;583,3543037;314,7892381;7,841206395;35,09999847;3,324831827;3,006920028;26,05601865;24,89453908
16-02 05;10,06309142;2799,478359;579,6792204;310,3422135;7,872413043;35,09999847;3,17108217;2,906145395;25,89739183;25,47223703
16-02 06;10,08854659;2959,783518;613,3931073;288,5713613;7,88859013;35,09999847;3,346670499;2,698341591;25,45179543;25,69186357
16-02 07;10,01766057;2982,010761;604,200449;246,2113706;7,916015801;35,09999847;3,305743432;2,389034248;25,11678403;24,8759841
16-02 08;9,83503585;2863,21437;610,0267536;233,9968164;8,088483166;35,09999847;3,347643085;1,872673505;24,04751005;23,80803385
16-02 09;9,673161253;2648,938035;552,5826397;289,5072119;8,161525671;35,09999847;3,005612689;1,802810052;23,62347006;22,51514676
16-02 10;9,492083913;1371,693098;431,6418513;310,2636259;8,164691067;34,55334525;1,700750094;2,199845313;25,31384305;21,65587715
16-02 11;10,03330434;0;31,40297944;82,75244035;8,150968891;34,80753749;0;3,638642058;25,40474608;18,44773431
16-02 12;9,92464678;2299,470235;427,7404256;785,4581124;8,105437773;40,93091351;2,317890495;4,346523818;25,25775458;0,045182414
16-02 13;9,179240597;3299,058422;731,2897301;998,9307654;7,90105645;41,59999847;4,002279579;4,313905543;25,0180235;16,95158958
16-02 14;9,172704962;3296,612131;678,0106696;998,9313818;7,867172208;39,14486485;3,880545315;4,192803652;25,10213214;18,35304303
16-02 15;9,383922203;3299,039831;605,425464;998,9007686;7,866362687;35,40000153;3,466033233;4,147927795;26,26104558;15,25805695
16-02 16;9,569188982;3302,901034;602,3528632;998,8910018;7,832268493;35,40000153;3,460910623;4,063760117;26,48890828;13,07648762
16-02 17;9,770285;3298,060226;604,6240769;998,8637525;7,787001268;35,40000153;3,638479888;3,981576079;26,81206232;12,09204974
16-02 18;9,751460966;3079,287624;577,0487974;998,8736139;7,750854675;35,40000153;3,474028939;3,907006332;26,93498855;11,79546099
16-02 19;9,707329991;2511,213824;484,3572896;998,8958579;7,750100114;35,40000153;2,908670814;3,947901518;28,59914662;19,19191301
16-02 20;9,675250763;2507,841996;480,7530304;998,9478381;7,735927898;35,40000153;2,885712099;4,06713508;28,4716863;29,30949598
16-02 21;9,647830824;2483,395912;483,0445902;998,9935279;7,701411191;35,40000153;3,04111103;4,246622654;28,14975083;26,25598928
16-02 22;9,384528471;2399,479017;479,0268768;399,6732472;7,868891692;35,40000153;3,002313935;4,418756323;27,70163998;24,65061796
16-02 23;8,950348814;2398,071998;476,7017338;359,6642759;7,824735569;35,40000153;2,992952123;4,546802949;27,03293705;23,64270965
17-02 00;8,713331283;2395,059064;474,0073352;347,4137148;7,830572656;35,40000153;2,849085855;4,727442125;26,21825534;23,20588824
17-02 01;8,686860877;2402,479569;477,2809019;386,2214504;7,807113491;35,40000153;2,872093691;4,930678074;26,2161556;22,84388636
17-02 02;8,937509934;2404,018468;479,3740849;381,3508506;7,731553446;35,40000153;2,751580739;5,142071503;24,52139061;21,04555539
17-02 03;9,17823437;2395,456139;485,0557402;324,0870208;7,723423624;35,40000153;2,783654117;5,308664758;23,09227256;19,7208717
17-02 04;8,994248698;2395,713653;464,535591;314,7139827;7,760025031;35,40000153;2,670153369;5,426915406;22,81112959;20,22882187
17-02 05;8,981443105;2477,280475;488,6652306;419,7859813;7,664752311;35,40000153;2,655933356;5,570671364;22,81988309;20,31907684
17-02 06;9,256993534;2499,583794;486,6559519;651,8690498;7,644695774;35,40000153;2,662675834;5,70963515;22,85209027;19,59342654
17-02 07;9,367489251;3029,271954;536,6729555;659,5075286;7,644606744;35,40000153;2,92849388;5,751571962;22,26433099;19,94810563
17-02 08;9,324664745;3495,95838;840,0272885;480,1118015;7,690037604;66,69109733;4,559091817;5,550506858;21,53286828;20,5388188
17-02 09;9,269366455;3484,515182;946,1473415;536,8435036;7,696963251;70,082454;4,759186771;5,464262455;22,20946093;23,36696549
17-02 10;9,135254606;3670,527813;868,2511587;708,3306273;7,686411621;70,09999847;4,481275708;5,058932278;22,45499217;23,35258293
17-02 11;8,861647253;3696,404271;875,8320743;710,1381291;7,684056601;65,12884051;4,552351466;4,914768525;22,05063947;24,68110885
17-02 12;8,583521274;3791,122828;952,8084306;605,7588473;7,770151488;64,90000153;5,011350193;5,252524723;21,21151308;21,1453793
17-02 13;8,499079954;4175,451067;1040,5863;858,9682796;7,823338834;69,62590798;3,93775224;6,03714516;17,65251929;19,36660774
17-02 14;7,879160334;4195,194255;1071,001232;866,8876321;7,86522073;70,09999847;4,058065463;7,127935913;20,68930173;17,82102555
17-02 15;7,783337272;4135,913;1106,831014;972,2853597;7,855367656;70,09999847;4,17013557;7,623733318;21,93417295;16,72587718
17-02 16;7,341587824;4103,606307;1138,884994;949,3261446;7,797190948;69,39477125;4,202488871;8,49509955;20,113132;17,71665241
17-02 17;6,853053686;4094,632223;746,485816;734,75233;7,781665192;34,90000153;4,295591934;8,343532892;18,52065335;18,41909799
17-02 18;6,516509223;4091,851236;822,0959025;569,1973549;7,819226942;46,85765555;4,283774585;7,520091397;13,998611;16,7753465
17-02 19;6,397374879;4460,223851;1200,134896;481,650166;7,799634462;70,09999847;4,426695298;6,926147881;10,42998706;23,14559927
17-02 20;6,674031836;4852,839376;1587,204566;573,4006566;7,697854755;65,95681554;5,887443815;6,513502614;7,944447325;24,12420326
17-02 21;6,644705942;4988,920972;1177,732262;562,120664;7,665725892;40,40710849;5,417141916;5,888702102;6,567323907;10,65754456
17-02 22;6,596749578;4965,885308;777,8105416;650,453408;7,641261541;34,79999924;4,818861504;5,597573653;6,526888913;8,950852021
17-02 23;6,561082541;4867,679423;761,7574416;587,7586606;7,639629764;34,79999924;4,789240298;5,499767104;5,808172303;7,580597181
18-02 00;6,567212474;4139,449437;682,4949253;309,5517759;7,775016737;34,79999924;4,103381704;5,928060664;4,96451844;5,835823431
18-02 01;6,620159865;4014,517758;658,4685462;268,3080862;7,80474051;34,79999924;3,939268804;6,514727044;4,59944996;5,34961679
18-02 02;6,718852532;4135,595557;665,4994157;266,3941823;7,856156742;34,79999924;3,833826813;6,849502234;4,237815299;5,94575698
18-02 03;6,780895728;4619,550441;747,4649402;267,2933008;7,8347729;34,79999924;4,282953277;6,81904066;4,092516763;6,026078253
18-02 04;6,843181014;4433,571972;715,6476863;269,836736;7,802959179;34,79999924;3,996790203;6,734935413;4,380603381;6,412456169
18-02 05;6,820769418;4500,157401;792,3093791;262,7971928;7,866305308;34,79999924;4,071459017;6,565911155;4,660317766;5,402515805
18-02 06;6,768567693;4020,732784;753,5193333;239,6758896;7,869370786;34,79999924;3,822586379;6,401165045;4,62877823;6,026844945
18-02 07;6,716438646;3998,71964;705,3763924;221,3598682;7,879704578;34,79999924;3,76391154;6,142953152;4,865582359;5,077160983
18-02 08;6,673427521;4002,856372;699,1942982;198,0359196;7,889259209;34,79999924;3,703356553;5,834713675;4,859707236;5,612550876
18-02 09;6,616066265;3992,479552;703,849149;189,2869079;7,870742001;34,79999924;3,722346121;5,522826202;4,90095561;5,369739696
18-02 10;6,593510595;3996,310942;667,894479;178,9925421;7,874726609;34,79999924;3,644543459;5,239205026;4,97122628;5,084997875
18-02 11;6,535069613;4004,758551;691,4344338;163,6269824;7,926247183;34,79999924;3,762899652;5,115521506;4,884688562;4,51519226
18-02 12;6,501912615;4139,133242;675,7925069;134,4525525;7,965896376;34,79999924;3,58888081;5,078132183;4,717454115;3,518847507
18-02 13;6,526136701;4189,457972;718,4013994;130,4473888;8,04640768;34,79999924;3,842525713;5,01085124;4,566441682;4,055597629
18-02 14;6,626574914;4190,062641;683,7275284;152,3785532;8,079259692;34,79999924;3,933891144;4,958304923;5,217292076;4,243606539
18-02 15;6,80191121;4194,742923;705,4129784;177,545885;8,079252545;34,79999924;3,956384936;4,949616907;6,234459139;5,112071212
18-02 16;7,035897211;4103,322674;706,9325113;211,0066861;8,103670265;34,79999924;3,931041574;4,934895557;7,020754013;5,342915659
18-02 17;7,228676385;3999,865291;797,9330291;220,2273029;8,135762198;34,79999924;4,076078507;4,83823646;8,373856344;6,150471057
18-02 18;7,355503464;3999,859039;897,0657796;213,6082015;8,095500449;34,79999924;4,230426635;4,773360797;9,642852919;7,031565748
18-02 19;7,440939364;3800,070571;860,9658204;214,1987034;8,039850371;34,79999924;4,06669672;4,765360471;10,87937348;7,50671808
18-02 20;7,494437322;3700,545642;1467,108923;223,9802147;7,954950747;34,79999924;5,394285253;4,926119626;11,5759583;7,58619673
18-02 21;7,513067733;3703,475165;1560,358821;216,7585231;7,916733765;34,79999924;5,742849628;5,154464189;11,59087231;9,694747124
18-02 22;7,52616692;3701,406602;1602,293041;217,0893271;7,921185115;34,79999924;5,901953449;5,216898807;11,18673053;9,015838075
18-02 23;7,546083071;3700,841796;1250,552434;182,193242;7,928903749;34,79999924;4,907252281;5,240501257;10,6630229;9,337649957
19-02 00;7,655210961;3702,312442;1243,462739;188,5099611;7,958384375;34,79999924;4,811655499;5,236557016;9,533023264;9,907777742
19-02 01;7,815036594;3702,477495;1175,725704;187,4374352;7,819043179;34,79999924;4,656197162;5,329084741;9,778299757;10,47745585
19-02 02;7,858821026;3701,989669;1204,275954;204,0967312;7,87964238;34,79999924;4,59721362;5,298560382;10,33986752;10,17295481
19-02 03;7,874723712;3700,758131;1219,282337;176,5254871;7,873387906;34,79999924;4,621340597;5,219598366;10,86389853;8,875313894
19-02 04;7,870435275;3698,987073;1275,614102;182,6720601;7,848679037;34,79999924;4,954037189;5,12643147;11,01554694;8,599546341
19-02 05;7,813293106;3694,969287;1144,758901;178,5156044;7,883906727;34,79999924;4,576788625;4,993549627;11,18628691;8,427260579
19-02 06;7,740413072;3698,206694;1075,896544;159,9866167;7,910978922;34,79999924;4,34350138;4,82528452;11,28262194;7,9419001
19-02 07;7,68230641;3700,630451;1049,084684;181,97025;7,897677297;34,79999924;4,302670706;4,611277844;11,57429508;7,214346126
19-02 08;7,653978156;3693,397843;735,6342981;160,0836573;7,936427202;34,79999924;3,6199443;4,281283032;11,70388632;7,209292182
19-02 09;7,570270867;3700,044092;854,1921779;131,7410095;7,910727827;34,79999924;3,990523874;3,935347949;12,44682755;9,256477768
19-02 10;7,547556892;3693,470612;912,5251468;119,2297903;7,893987096;34,79999924;3,879204424;3,645664765;12,25797204;9,078936017
19-02 11;7,456075584;3700,272382;652,1408323;126,3477027;7,949938335;34,79999924;3,467370965;3,416326996;12,48479584;6,705002728
19-02 12;7,112097265;3696,885931;636,8876304;117,494832;8,032965166;34,79999924;3,479850618;3,248326499;12,19804072;7,014281582
19-02 13;6,91426524;3696,557926;631,6095429;99,23851457;8,144038095;34,79999924;3,44074353;3,034951654;12,25143278;7,981834451
19-02 14;7,079615097;3701,215668;644,832629;137,4153321;8,236874275;34,79999924;3,688670587;2,776556368;12,19972625;8,493167398
19-02 15;7,160838311;3607,01696;633,1603814;158,5849078;8,235150964;34,79999924;3,632500196;2,537763103;12,17772874;7,746062959
19-02 16;7,303377179;3691,44988;636,8680515;189,6231733;8,181856824;34,79999924;3,655142359;2,68494147;12,64025898;8,13963309
19-02 17;7,425511288;3700,810769;640,4118932;185,5097022;8,142072645;34,79999924;3,841808993;2,78662123;15,25289793;9,470501777
19-02 18;7,700597606;3702,389469;636,5158096;204,7761885;8,08461246;34,79999924;3,824110992;2,810134793;16,52460518;10,61199984
19-02 19;7,836088568;3705,385413;636,3195236;195,1870284;8,069749342;34,79999924;3,835051695;2,845510949;16,49468418;11,27477475
19-02 20;7,890091193;3539,208572;623,3328644;196,188673;8,00502223;34,79999924;3,726948564;2,941098304;16,84214033;11,08686304
19-02 21;7,973105284;3397,598827;610,2573691;245,6511059;7,9467244;34,79999924;3,820955131;3,168242633;16,56903498;11,99638201
19-02 22;7,995177271;3404,731385;612,2766495;231,9906276;7,958557973;34,79999924;3,849830192;3,439263073;16,24038465;12,17332288
19-02 23;8,041475049;3401,258294;591,4296873;196,6302212;7,914973582;34,79999924;3,724289927;3,594197937;16,16496167;13,1421628
20-02 00;8,094467167;3409,08265;587,4010668;184,2898312;7,958014091;34,79999924;3,530949572;3,692812831;15,66169013;12,47907349
20-02 01;8,158782265;3409,470917;593,2990343;172,3659424;7,941080049;34,79999924;3,564974524;3,700951706;15,75181458;13,37711825
20-02 02;8,20677997;3407,337101;596,5857905;183,4027805;7,882429744;34,79999924;3,410877503;3,691997666;15,67657163;14,93526275
20-02 03;8,201197501;3392,290381;595,8751552;173,6926312;7,93214063;34,79999924;3,415282102;3,614614643;15,51551796;16,48833671
20-02 04;8,155381509;3389,935105;599,6478519;176,064774;7,899362939;34,79999924;3,431491437;3,501177536;15,47732157;16,80232426
20-02 05;8,010457281;3396,459027;595,9571028;157,4151901;7,886260371;34,79999924;3,248616843;3,294910723;15,41784139;16,95415315
20-02 06;7,863990831;3391,920047;608,7228348;159,2029744;7,923277431;34,79999924;3,326218755;2,946526068;15,31792034;16,72480185
20-02 07;7,664786118;3140,099712;576,4884561;168,2987907;7,890091515;34,79999924;3,145418654;2,463782385;15,03561523;15,69424401
20-02 08;7,391494597;2843,580465;519,7305481;169,5904693;7,952121963;34,79999924;2,837709516;2,292148238;14,3006993;14,78375476
20-02 09;7,029286942;3337,631498;576,8850421;134,4311204;7,977917687;34,79999924;3,144290184;1,983236355;14,36488681;12,90960956
20-02 10;6,809406857;3106,672387;534,6157572;138,5258883;7,971391167;34,79999924;2,917368476;1,793287725;14,43408308;12,17570704
20-02 11;7,01856921;2915,551286;521,4063209;155,1782708;8,011475578;34,79999924;2,847630834;1,936426263;14,15217534;9,657905796
20-02 12;7,102974695;3012,909157;530,0650633;144,9496668;8,022586914;34,79999924;2,892367574;2,385796382;13,43838649;8,042578774
20-02 13;7,164164445;3377,143551;556,5629988;146,4279748;8,051501757;34,79999924;3,037360058;2,72219604;13,08420787;7,467351077
20-02 14;7,222392105;3406,807385;580,882704;165,0066829;8,209263332;34,79999924;3,330800721;3,009652894;13,58897905;8,360661939
20-02 15;7,743585312;3406,37176;559,7722565;193,2580468;8,130782334;34,79999924;3,205007;3,468376209;15,18457319;10,18056047
20-02 16;8,107590862;3407,001348;566,6374757;201,7654389;8,117718421;34,79999924;3,233902701;3,908220659;16,30667355;10,50312454
20-02 17;8,324020201;3404,675042;567,0012481;209,7892233;8,070273888;34,79999924;3,393212258;4,37170521;17,66528111;10,21582837
20-02 18;8,395194054;3822,407567;620,9128931;233,9662872;8,00261531;34,79999924;3,728887536;4,800133159;18,36048361;10,26487655
20-02 19;8,475103143;4378,362366;705,0657195;264,3580273;8,054575194;34,79999924;4,231217308;4,917074817;18,81332515;10,41491519
20-02 20;8,567925208;4289,641482;697,7553639;356,7298141;7,931252857;34,79999924;4,186088309;4,850067412;18,8564011;10,79718792
20-02 21;8,553861457;4071,363536;604,9985419;395,1688807;7,807251833;30,1700834;3,790619271;4,775480937;18,59499426;11,63440727
20-02 22;8,394597116;3991,512456;831,8888911;384,5213644;7,78733762;29,10000038;4,219228346;4,606720867;17,90270515;9,468625608
20-02 23;8,166923509;3805,89343;1033,573623;342,4192056;7,801458536;28,63444783;4,578108358;4,427461366;16,90588618;8,127672034
21-02 00;7,956759232;3688,916656;1013,679814;310,3023512;7,855304144;27,89999962;3,950024732;4,219609594;15,33087304;7,460061341
21-02 01;7,825295591;3703,41516;973,34766;259,6931876;7,866256032;27,89999962;4,329796257;4,043357136;14,61357189;6,354585791
21-02 02;7,768732108;3717,132433;865,0181645;185,980243;7,879600105;27,89999962;3,795012327;3,969729427;13,99118334;6,464236507
21-02 03;7,949134535;3716,477624;918,9746676;181,0986982;7,863247692;27,89999962;4,18143266;3,963388146;13,59160534;6,756671594
21-02 04;8,08140677;3711,765319;908,4078861;188,7237214;7,856161394;27,89999962;4,001967385;3,973156491;13,32473673;7,244083675
21-02 05;8,092198241;3698,198656;871,125318;158,4600872;7,862785506;27,89999962;3,889492712;3,822046787;13,01799903;6,823894145
21-02 06;8,060687294;3693,686709;966,5312095;153,9489633;7,861904347;27,89999962;3,991888585;3,505215843;13,01638496;6,584258661
21-02 07;8,12335134;3696,353891;987,0532983;165,019684;7,874465842;27,89999962;4,060675364;3,082826363;12,77074019;6,183764249
21-02 08;7,949384814;3698,311894;852,1333274;146,1761864;7,853137949;27,89999962;3,658537766;2,625495676;12,77699577;6,403397964
21-02 09;7,192255651;3254,600263;484,3445313;120,3615635;7,98641384;27,89999962;2,641409462;1,858872641;13,20177818;7,203437506
21-02 10;6,97357698;2764,798385;421,8029263;130,4161267;7,984404762;27,89999962;2,305982303;1,78923507;12,90104992;5,213526732
21-02 11;7,19574749;2830,916185;481,1875435;133,7861082;8,063911549;27,89999962;2,618321212;1,817068439;13,2705999;4,33384292
21-02 12;7,220779502;3454,844345;519,3772502;145,0629847;8,065994292;27,89999962;2,832816527;1,824960199;12,69424902;4,649855332
21-02 13;7,159976629;3628,197312;625,5949471;156,7237068;8,027061781;34,88380322;3,409542225;1,848688679;12,90550846;6,326584287
21-02 14;7,639535579;3259,237079;786,0499129;158,4503073;8,05087767;50,09999847;4,515096887;2,017054817;13,5613971;8,281285619
21-02 15;7,641659142;3078,381677;748,5077056;184,7041784;8,188130667;50,09999847;4,299664529;2,262005404;14,40486306;11,48349925
21-02 16;7,860220772;3126,685753;746,3889539;194,1886173;8,105567115;50,09999847;4,197164364;2,441348416;15,81717129;10,87685995
21-02 17;8,009166651;3205,71794;773,6191288;191,3990539;8,115218569;50,09999847;4,524206799;2,532763083;17,97549391;11,69408358
21-02 18;7,971693074;3388,006159;810,464234;218,0372877;8,034303094;50,09999847;4,869138257;2,598211134;19,14648571;12,10643132
21-02 19;7,902584107;3145,2049;712,1335879;200,5478385;8,07551029;50,09999847;4,273491478;2,384377881;19,43105131;13,25311777
21-02 20;7,866754544;3142,309025;692,5556581;212,5021762;8,033258024;50,09999847;4,159685054;2,485946755;19,29354805;13,87172142
21-02 21;7,919831676;3337,365359;726,9702567;221,9800172;7,969328253;50,09999847;4,332597571;2,605147872;18,99103122;14,67510732
21-02 22;7,949998852;3432,381553;735,8720911;220,6006039;7,965787479;50,09999847;4,618197344;2,583131124;18,30886264;15,67961159
21-02 23;8,022976731;3522,686272;762,5948603;229,3320634;7,945661742;50,09999847;4,790788462;2,568098682;18,60802394;15,82660541
22-02 00;8,091383784;3418,044304;751,8666916;220,546907;7,923067837;50,09999847;4,516855378;2,452804197;18,29636148;18,11104083
22-02 01;8,144410816;3137,285341;699,7943594;203,3815994;7,976846747;50,09999847;4,201811053;2,343601021;18,6705719;18,82196237
22-02 02;8,223060661;3053,466761;675,3853975;196,3903633;7,896684641;50,09999847;3,801236682;2,406781241;18,51622323;18,95305018
22-02 03;8,287341015;3035,158846;690,1590271;214,2723708;7,854260392;50,09999847;3,85133453;2,455636;18,75165895;18,4588893
22-02 04;8,284709287;2970,51854;689,8908483;202,8039457;7,860853978;50,09999847;3,953635325;2,44552908;18,55775644;18,80216272
22-02 05;8,222169821;2800,58273;648,7471038;177,5247543;7,84086128;50,09999847;3,546806307;2,391315175;18,1558677;18,7650835
22-02 06;8,180982906;2694,862035;621,4889076;180,0818859;7,79039211;50,09999847;3,388789453;2,402927791;17,75496187;18,5193538
22-02 07;8,071162446;2440,497245;580,7851898;170,2538903;7,838296523;50,09999847;3,186379679;2,325131739;17,17154672;16,86133597
22-02 08;7,936423748;2611,490646;597,9130872;164,8087155;7,828744615;50,09999847;3,268797524;1,867422928;16,22058346;15,685095
22-02 09;7,75214134;2417,493506;557,6554358;201,2047354;7,863606308;50,09999847;3,042825594;1,820994909;16,10666616;14,94638252
22-02 10;7,413048949;2858,777317;640,8940046;166,8358868;7,904064703;50,09999847;3,500851952;1,825625702;15,57409477;12,85256398
22-02 11;7,02178576;2775,738093;635,1814071;145,3186184;7,928957781;50,09999847;3,461433955;2,010227116;15,41160609;12,59283833
22-02 12;7,083514576;2809,902444;629,3363704;186,130508;7,933586575;50,09999847;3,315723753;2,367345555;15,13795529;11,54682316
22-02 13;7,359895432;3150,498691;714,1437787;201,8187554;7,920757361;50,09999847;3,906938821;2,650933864;14,40121742;9,906130963
22-02 14;7,447455866;3433,777764;790,6313195;202,1029068;7,942458914;50,09999847;4,524248227;2,72530204;14,77225544;10,22722161
22-02 15;7,58369811;3365,658637;783,9209011;199,3090853;8,064330225;50,09999847;4,498902375;2,511243353;15,47861602;11,82932285
22-02 16;7,831189653;3154,691685;742,8843329;219,288477;8,042528924;50,09999847;4,258854363;2,404158735;16,45469305;12,02098995
22-02 17;7,835387754;3018,263124;706,3487951;232,8654192;8,006707762;50,09999847;4,242905068;2,385432209;18,7154053;11,68533042
22-02 18;7,782592881;3064,572172;722,0648783;236,1767081;7,997921271;50,09999847;4,342624889;2,494723442;20,40857117;11,96482331
22-02 19;7,788600274;2987,330679;698,8569166;225,7963596;8,015915347;50,09999847;4,201286986;2,444058111;20,94432002;12,36289583
22-02 20;7,809365896;3001,608379;700,0840289;242,6933365;7,978562326;50,09999847;4,20506908;2,457862586;20,93508955;13,15059196
22-02 21;7,89007515;3039,398744;620,0012067;230,931994;7,967635729;40,0286533;3,886945849;2,503105981;20,66202724;14,04646858
22-02 22;7,910316141;3131,166499;578,2443508;252,5144773;7,903576296;34,90000153;3,645541435;2,559267359;20,67471292;13,28417644
22-02 23;7,861684073;3121,370288;567,6280176;268,7336569;7,896511739;34,90000153;3,555880455;2,508625485;20,12670214;14,79818511
23-02 00;7,957645644;3031,010748;568,4976888;249,0269603;7,850480622;34,90000153;3,403559001;2,436893553;19,97862406;15,14632584
23-02 01;7,973751804;2703,770404;509,5565015;237,8305207;7,833016578;34,90000153;3,064886928;2,304220574;20,04102171;15,79221465
23-02 02;7,864988828;2354,272551;440,2796269;218,5357735;7,874329879;34,90000153;2,528914213;2,27677486;19,78309797;16,08016337
23-02 03;7,634527735;2515,43333;462,5295973;214,6625574;7,80083592;34,90000153;2,656896108;2,531451127;19,48103948;15,56631436
23-02 04;7,364270498;2659,725642;488,1428497;202,4944759;7,787530137;34,90000153;2,793716119;2,588248979;19,31237547;15,74597574
23-02 05;7,404450333;2825,84323;523,1884212;206,1463348;7,756587712;34,90000153;2,855093871;2,606645201;18,77837704;16,35736974
23-02 06;7,637768898;2798,115357;522,8712346;186,8270662;7,790522642;34,90000153;2,856119929;2,523243639;17,68623229;15,83806658
23-02 07;7,705789489;2936,434263;547,6221378;168,5346826;7,788008804;34,90000153;2,986611748;2,591473485;17,02451487;15,10081031
23-02 08;7,591312187;3422,638689;600,9870649;189,363588;7,799870302;34,90000153;3,266875868;2,420699566;16,2263743;14,41991958
23-02 09;7,750255828;2975,405937;560,1773233;155,3647319;7,774511112;34,90000153;3,066268325;1,789887264;16,40364072;14,04823723
23-02 10;7,848161554;2486,568834;470,5427028;189,0594933;7,836390804;34,90000153;2,563477891;1,880680408;16,4589346;13,52724785
23-02 11;7,656405256;2641,811992;487,4770358;190,20043;7,837502112;34,90000153;2,665698641;2,328754431;16,45932355;12,32775995
23-02 12;7,338089723;3205,222455;585,347485;184,6017685;7,858719316;34,90000153;3,182932274;2,754360126;16,49101803;11,95289276
23-02 13;7,266066744;3647,238828;623,6618646;200,4093939;7,880000812;34,90000153;3,371930674;2,775902509;16,34590289;12,01169478
23-02 14;7,554688825;3637,441411;658,986184;251,006;7,840598548;34,90000153;3,728414519;2,581946522;16,48239227;12,03250108
23-02 15;7,869895477;3509,664905;630,9073189;263,0070726;7,810000027;34,90000153;3,522741934;2,44762938;16,43549463;10,70392733
23-02 16;7,876451325;3447,212236;612,4547858;252,5356573;7,918170803;34,90000153;3,515005678;2,440494179;16,51262502;9,944076816
23-02 17;7,951679021;3287,426578;592,5943872;289,112167;7,867783087;34,90000153;3,563443734;2,414623152;18,00124234;9,747024693
23-02 18;8,042613638;3304,769204;601,0451516;317,3765961;7,907487289;34,90000153;3,609751952;2,472611384;18,97602962;9,603587429
23-02 19;8,08887948;3249,347981;596,217506;314,5557485;7,913483555;34,90000153;3,573886797;2,447564973;19,98607447;10,0322192
23-02 20;8,058457126;3080,562667;570,3125394;313,8906045;7,893890516;34,90000153;3,416910722;2,403818235;20,30054379;11,57707023
23-02 21;8,094081026;3180,094711;588,6522506;287,7175413;7,841753262;34,90000153;3,692971225;2,527633217;20,34554046;11,06359969
23-02 22;8,080088726;3129,455936;585,7556745;269,5121247;7,825319943;34,90000153;3,669924605;2,467320928;20,13259859;12,06663536
23-02 23;8,065199886;2978,573614;566,9887845;261,4343468;7,787833049;34,90000153;3,560184964;2,406892654;19,26174632;11,69027721
24-02 00;7,845706794;2916,002709;555,7119987;233,9555167;7,826692309;34,90000153;3,34170238;2,457521769;17,78450266;10,93045433
24-02 01;7,748980511;3208,850638;596,935705;225,529475;7,767300163;34,90000153;3,58311255;2,645335681;17,6510314;11,36203117
24-02 02;7,620859054;3299,826669;605,4557531;229,3863117;7,758861631;34,90000153;3,482321159;2,582061756;17,01425415;11,62639022
24-02 03;7,759844662;3016,360667;575,2762284;208,3801213;7,795488319;34,90000153;3,294631701;2,356393326;16,38830845;12,00264299
24-02 04;7,789205626;2743,461699;518,1481497;182,8945282;7,791356984;34,90000153;2,967547358;2,317812812;15,98999218;11,32350003
24-02 05;7,721796435;2582,940193;482,9689309;177,1982143;7,798937282;34,90000153;2,634425799;2,379185542;15,68655159;10,97359801
24-02 06;7,692441765;2647,517159;483,2858683;180,0180994;7,757182525;34,90000153;2,644927843;2,48497345;15,56999174;10,52790305
24-02 07;7,597114871;2608,133035;485,7167152;153,7320114;7,78451836;34,90000153;2,649715818;2,456878384;15,40571157;11,00250183
24-02 08;7,375287989;2950,423398;523,4651134;160,2929461;7,341358306;34,90000153;2,853207773;2,313024327;14,52622995;11,41539694
24-02 09;7,204863419;2653,939644;504,7815854;142,426575;7,895813216;34,90000153;2,752307926;1,769038654;14,53517577;11,77959737
24-02 10;7,140636235;2398,022446;456,8154217;145,0917138;7,934487536;34,90000153;2,497224597;2,05690524;14,51205813;11,317392
24-02 11;6,950158999;2365,596422;442,7285972;150,5097953;8,005801403;34,90000153;2,416087871;2,364590805;14,83667881;10,59045293
24-02 12;7,109571158;2759,721066;512,9064327;159,3843728;7,995675641;34,90000153;2,797688391;2,670108137;14,50899731;10,40495779
24-02 13;7,150201945;3223,979885;595,1916309;173,8823047;7,993169648;34,90000153;3,244837917;2,793232267;14,88851089;10,58033227
24-02 14;7,214601645;3361,933905;600,113944;172,5998259;8,065573243;34,90000153;3,439063673;2,673785392;15,26636539;9,36001032
24-02 15;7,47329651;3446,751108;615,9171741;201,8012686;8,074519518;34,90000153;3,537353598;2,596605781;15,66647106;9,501916724
24-02 16;7,709161019;3457,960011;611,1745371;235,8514508;8,002039947;34,90000153;3,507560687;2,508455764;15,8618252;9,245434874
24-02 17;7,844846039;3358,182085;610,2078816;234,5395243;8,032648635;34,90000153;3,657670773;2,436947788;17,27452997;9,431109202
24-02 18;7,877318852;3138,274867;576,4799959;239,6537716;8,011636647;34,90000153;3,450267866;2,365459065;18,96308972;9,466937945
24-02 19;7,934429997;3038,946545;565,3311181;254,0409426;8,028708523;34,90000153;3,398712954;2,399071661;19,8484407;9,356524051
24-02 20;8,043219329;2979,515243;549,5975871;252,2363937;8,006861294;34,90000153;3,305413496;2,450662202;20,09299767;9,156837395
24-02 21;8,15222091;3160,245683;551,2807604;268,2542888;7,945818754;32,61785174;3,468519977;2,588716871;20,26337219;9,383609549
24-02 22;8,162890891;3083,583395;539,3718427;237,8480038;7,961371888;31,89999962;3,390832644;2,451682237;20,174563;11,07556838
24-02 23;8,146646521;2779,582567;489,2680258;237,456693;7,916966493;31,89999962;3,072319245;2,341658559;19,87821476;11,94484116
25-02 00;8,148412494;2729,230875;482,4473434;225,1750537;7,908001943;31,89999962;2,893946905;2,427021749;19,00229718;11,23236756
25-02 01;8,075402773;2814,510375;494,3267227;211,746884;7,903716364;31,89999962;2,97305133;2,530952022;19,09935297;10,90297373
25-02 02;7,763124692;2843,561399;502,5979557;213,4094327;7,876820531;31,89999962;2,87951009;2,526533573;18,56387311;12,22283417
25-02 03;7,855912155;2854,220193;515,0511048;212,3970679;7,879244297;31,89999962;2,949757794;2,502336082;17,17899792;12,62180056
25-02 04;7,911940501;2567,625033;452,0016498;187,1544494;7,883503202;31,89999962;2,59378038;2,345270964;17,07877702;12,13680528
25-02 05;7,811194197;2463,313291;432,4946409;173,937941;7,867388375;31,89999962;2,359462399;2,410639668;16,82532578;11,18970698
25-02 06;7,764499407;2570,305814;455,9158718;185,0709203;7,836740111;31,89999962;2,485967575;2,529659157;16,55694695;11,30282367
25-02 07;7,67803857;2608,687781;453,1895843;165,06946;7,877022066;31,89999962;2,472674122;2,527732519;16,25745231;11,52142076
25-02 08;7,484870047;2499,698406;446,8247868;144,9595496;7,896707452;31,89999962;2,441752302;2,434686597;15,63348185;11,45590828
25-02 09;7,297769553;2333,965997;412,4268448;133,4443461;7,942713925;31,89999962;2,243959135;2,397057172;15,48826428;10,80092102
25-02 10;7,275961147;2419,880473;427,0694989;150,990347;7,91794332;31,89999962;2,329965669;2,531113302;15,34215253;9,712486877
25-02 11;7,121901338;2523,292514;443,1568753;142,5208624;7,986565045;31,89999962;2,418289473;2,562004527;14,9806389;9,15168614
25-02 12;7,055756973;2714,353046;474,0205055;154,9939488;7,988967561;31,89999962;2,589680781;2,633631012;15,34962604;8,956166236
25-02 13;7,064885484;2911,347698;503,7377283;158,596471;8,009708352;31,89999962;2,746574492;2,64143232;15,53060269;8,652594324
25-02 14;7,179827735;3131,457434;539,2073111;171,6996154;8,012245021;31,89999962;3,088067898;2,660026974;15,55457159;8,810156524
25-02 15;7,262752417;3265,949019;537,1793572;178,2944106;8,047441444;31,89999962;3,077659477;2,625734923;15,93715857;9,36964121
25-02 16;7,420243522;3294,191508;557,3880602;202,0256017;8,055540927;31,89999962;3,19413187;2,572098669;16,02027174;9,648514095
25-02 17;7,60393004;3249,040854;559,7064267;220,6710545;8,05568246;31,89999962;3,351343432;2,472289162;16,72136976;10,25778852
25-02 18;7,788449837;2981,051469;515,2989096;235,0315211;8,035772313;31,89999962;3,091254928;2,328766454;17,89907111;10,51176572
25-02 19;7,983263084;2625,739599;465,4418757;238,4402482;7,995644775;31,89999962;2,795351287;2,27604601;18,55085533;9,953862494
25-02 20;8,099121723;2456,880165;440,4173701;246,0777145;7,951334401;31,89999962;2,649448903;2,334737092;18,78504537;9,928760538
25-02 21;8,158814952;2407,006376;426,9133184;249,4603375;7,912688814;31,89999962;2,686930512;2,442855612;20,13428498;9,747886375
25-02 22;8,093794322;2631,955254;455,9914847;248,7878598;7,881684369;31,89999962;2,862140103;2,604836102;19,10022351;10,09016458
25-02 23;7,746595676;2848,218682;499,0591366;236,7586427;7,862680426;31,89999962;3,13587755;2,653658052;20,16528288;11,19406017
26-02 00;7,694883257;3079,05295;527,1958998;239,2135545;7,835704354;31,89999962;3,159687938;2,654714358;19,53660854;11,96635957
26-02 01;7,914242617;2962,865657;515,7992191;234,2909325;7,896909337;31,89999962;3,108008095;2,47164233;19,33206585;12,0925298
26-02 02;8,14373458;2793,220726;487,8219892;209,3486436;7,89050092;31,89999962;2,79756982;2,399230929;18,09262453;12,16071668
26-02 03;8,090468407;2695,341895;481,1760366;209,1104103;7,876692317;31,89999962;2,751477719;2,423746199;17,82876992;11,55822447
26-02 04;7,932173621;2625,832978;461,9904599;194,2928547;7,880328826;31,89999962;2,653897079;2,420092762;17,7470893;11,9887736
26-02 05;7,817620487;2481,982895;430,591915;171,6677067;7,895025512;31,89999962;2,347076439;2,397887229;17,78191816;12,96963525
26-02 06;7,777849937;2380,386279;418,5064175;165,2056844;7,884250375;31,89999962;2,288820744;2,419342471;17,59419759;12,41711983
26-02 07;7,782755387;2398,663703;429,1385155;167,7000592;7,869002173;31,89999962;2,338644378;2,485035734;17,41098233;11,88717818
26-02 08;7,55848712;2244,410194;413,0958904;147,9058277;7,930809283;31,89999962;2,253788643;2,396845171;17,01354556;11,43355174
26-02 09;7,385082753;2144,458098;387,4626853;147,9096533;7,950394567;31,89999962;2,117171409;2,423190317;17,1953905;11,51177174
26-02 10;7,376838433;2281,898528;403,5600983;153,7142903;7,913649137;31,89999962;2,204474974;2,573746539;17,20140529;10,95744749
26-02 11;7,356048521;2515,990061;451,3638379;153,9991381;7,931550921;31,89999962;2,462339136;2,636446719;17,11046577;11,03323733
26-02 12;7,252017231;2691,47458;469,1491547;159,805721;7,960153804;31,89999962;2,557722118;2,637093843;17,27333578;10,41768874
26-02 13;7,261738156;2885,55144;504,7775813;177,5459518;7,981576416;31,89999962;2,759281603;2,645425758;17,65019163;10,22243824
26-02 14;7,239109824;2937,791206;518,1446432;173,4650614;8,049228403;31,89999962;2,971478866;2,575698966;17,71327066;10,19818975
26-02 15;7,380020995;2962,263931;516,0339013;194,8014061;8,024769506;31,89999962;2,955827764;2,53658682;17,83169576;10,22627696
26-02 16;7,475159508;2928,773475;509,3658566;219,898607;8,002579371;31,89999962;2,920325321;2,499593525;18,1451969;10,82908353
26-02 17;7,591877831;3107,490809;526,3091254;243,1688145;8,013259756;31,89999962;3,151566716;2,606151008;18,78371431;10,47745844
26-02 18;7,673743896;3202,490995;550,5252672;287,0522843;8,031437236;31,89999962;3,303113952;2,585798224;19,67779842;10,8467463
26-02 19;8,009934498;2812,542257;494,2248794;306,8725314;7,915060827;31,89999962;2,975542148;2,271067484;20,37238692;11,45367638
26-02 20;8,28252383;2452,823492;427,5016867;287,8685924;7,912054745;31,89999962;2,568565859;2,277978576;20,845469;11,90533228
26-02 21;8,295400871;2458,839257;430,4120128;279,0453524;7,926631525;31,89999962;2,696108034;2,449125342;21,6756348;12,07374173
26-02 22;8,136564163;2865,990147;499,0034139;293,9908632;7,869195148;31,89999962;3,136912435;2,700203665;22,27047777;13,46565486
26-02 23;8,002254006;2929,677954;519,0441717;289,2347293;7,91358189;31,89999962;3,256345435;2,56324391;22,41609351;15,48886321
27-02 00;8,251670376;2769,316301;490,1007664;268,0841407;7,874887269;31,89999962;2,940357694;2,437618376;21,58242402;16,53916474
27-02 01;8,536257795;2842,009743;495,2126176;261,028068;7,858016424;31,89999962;2,975860767;2,538785839;21,37981638;16,69116412
27-02 02;8,532239429;3055,721788;529,3831155;251,0384897;7,830751482;31,89999962;3,029444274;2,631917645;21,02400901;16,71356922
27-02 03;8,309270184;3105,054343;536,0409748;273,3925619;7,838248658;31,89999962;3,078364366;2,558184839;20,78656921;17,138089
27-02 04;8,503152505;2844,099579;500,3527828;236,406198;7,891028036;31,89999962;2,868847271;2,345479414;20,51504715;17,45128525
27-02 05;8,544888779;2449,058238;438,6133561;225,9478307;7,885183449;31,89999962;2,391630986;2,265011359;19,96323864;15,93049269
27-02 06;8,429505949;2297,029135;418,1769896;199,8309299;7,858174825;31,89999962;2,284121979;2,347264095;19,72572404;14,95430923
27-02 07;8,354298489;2336,907632;406,5385001;204,543978;7,865927096;31,89999962;2,221036775;2,484100153;19,63865544;14,84462952
27-02 08;8,232554854;2610,428685;444,3397702;178,6785918;7,921211203;31,89999962;2,416402884;2,519567588;19,0893945;14,49819307
27-02 09;7,897037608;2847,446352;511,8739813;190,9030414;7,932706176;31,89999962;2,800762185;1,838157752;19,3080371;15,18881562
27-02 10;7,570718471;2491,53976;435,7047564;163,4474315;7,985769878;31,89999962;2,376095408;1,817826818;19,11020717;14,31327497
27-02 11;7,472736873;2703,436605;469,8882746;163,9388949;8,085308246;31,89999962;2,567377029;1,799601133;18,90309274;11,84272074
27-02 12;7,527607146;2978,422225;509,6076481;177,9644164;8,1215485;31,89999962;2,772930457;1,816008521;18,54618329;11,95719213
27-02 13;7,65470092;3212,851366;547,7293535;252,9201948;8,116054561;31,89999962;2,987898035;1,824325763;18,93680874;11,64756389
27-02 14;8,01289312;2754,606383;496,713061;241,4946214;8,240824278;31,89999962;2,852462408;1,941076344;19,82315363;11,76146256
27-02 15;8,284231312;2886,700347;505,9863025;249,9974366;8,167329182;31,89999962;2,894285357;2,415332928;20,73566975;11,12885321
27-02 16;8,421672874;3030,309866;515,9763033;291,4137614;8,094279633;31,89999962;2,964414278;2,548929265;21,26918538;10,61668783
27-02 17;8,496083493;3177,596549;551,5244585;300,9832555;8,011588405;31,89999962;3,311970875;2,593124367;22,96521586;10,43080472
27-02 18;8,469952702;3152,900639;548,6513662;310,0123858;8,059029724;31,89999962;3,295522176;2,497560945;24,00807717;10,98989872
27-02 19;8,489440841;2810,050626;505,1526891;325,8591847;8,082204513;31,89999962;3,03184775;2,312835938;24,11413766;10,50827148
27-02 20;8,551785719;2511,655699;445,9096545;293,1366455;8,133892062;31,89999962;2,687083014;2,303899903;24,37920856;10,31392927
27-02 21;8,454404778;2476,229703;436,5008714;304,1704773;8,049883784;31,89999962;2,744573446;2,413803899;24,67360964;10,23250904
27-02 22;8,073255089;2557,798231;450,9239124;347,7319132;8,035042558;31,89999962;2,834339155;2,535820724;25,03535437;10,48097538
27-02 23;7,920823178;3087,790684;520,05793;325,2919173;8,001253486;31,89999962;3,250359649;2,791400007;25,36977315;12,27081121
28-02 00;7,822129087;3300,565318;551,7481131;298,0341732;8,005576511;31,89999962;3,318041955;2,685579273;24,92753332;15,76166531
28-02 01;8,248882623;3188,729694;553,4447081;305,2889681;7,962365208;31,89999962;3,317791492;2,487014079;24,78667434;17,89597069
28-02 02;8,501944217;3057,853551;515,6713391;281,3275688;7,929865541;31,89999962;2,960237994;2,421898967;23,74365116;17,87688583
28-02 03;8,532415662;2957,343726;522,8835388;276,6165015;7,875716005;31,89999962;3,001783846;2,414532304;23,25996891;15,59359973
28-02 04;8,513768405;2712,247883;475,3284709;257,4851631;7,904379726;31,89999962;2,738001797;2,343574034;22,83245875;14,98704234
28-02 05;8,514827955;2417,940458;439,7000412;246,4720026;7,938409216;31,89999962;2,397360463;2,295881509;22,09370176;14,18445999
28-02 06;8,502427388;2343,05167;418,7418639;227,3801394;7,916173665;31,89999962;2,290581069;2,406027955;21,99272477;13,61018173
28-02 07;8,396419954;2361,219464;416,9908565;236,8909496;7,92044997;31,89999962;2,265651114;2,47848683;21,64914559;13,33701432
28-02 08;8,278575586;2486,998532;443,9468084;234,446345;7,908902946;31,89999962;2,417570686;2,572450228;20,91206856;13,00284042
28-02 09;7,938535229;3104,183244;532,8017246;190,5202828;7,887087829;31,89999962;2,913361306;2,132726037;21,21785252;12,80864039
28-02 10;7,625004293;2579,704893;459,9218772;182,5289892;7,873621704;31,89999962;2,510820839;1,788979116;20,85520126;14,31161115
28-02 11;7,532267548;2959,713788;504,7490219;183,4490239;7,862753727;31,89999962;2,740495706;1,815567255;20,60496484;12,87512074
28-02 12;7,594490397;2818,367087;746,3884536;189,1364169;7,804459083;31,89999962;3,570360836;1,975449985;20,4352144;12,49435111
28-02 13;7,595225239;2883,093225;500,4119508;214,8056436;8,106645581;31,89999962;2,726926893;2,373822488;20,16562167;12,34333662
28-02 14;7,882273768;3143,155091;530,1525692;250,969735;8,076778838;31,89999962;3,035266276;2,60283576;20,0456172;14,13979895
28-02 15;8,138270701;3231,760767;547,4746679;259,5792129;8,058431508;31,89999962;3,135411041;2,567805835;20,56625265;14,96154018
28-02 16;8,395272168;2932,143121;511,5607069;282,3371192;8,092162383;31,89999962;2,93692156;2,331161614;20,82319101;13,94382319
28-02 17;8,51776069;2637,118376;454,5548147;305,7907936;7,93127706;31,89999962;2,740482988;2,321362927;22,03716651;12,69796598
28-02 18;8,5330457;2545,661268;452,1853249;294,569267;7,926253264;31,89999962;2,722078819;2,402397519;22,88363776;11,49662227
28-02 19;8,492355008;2550,135393;440,5013747;293,9113743;8,037649872;31,89999962;2,640628042;2,469535947;25,24902266;12,18660042
28-02 20;8,198145179;2771,09939;488,9882711;307,8511562;7,967196088;31,89999962;2,946435553;2,616166252;26,23288302;12,43686885
28-02 21;8,033144431;2833,626354;496,8019468;318,5875773;8,007741321;31,89999962;3,121244593;2,542751641;26,21051765;13,23246896
28-02 22;8,257248124;2697,797465;469,6147838;302,0740412;7,939182495;31,89999962;2,951350794;2,447214525;26,69776877;13,16311214
28-02 23;8,353423996;2710,185529;478,8885696;287,2217208;7,909129339;31,89999962;2,998670366;2,511876501;26,91920664;13,75830886
01-03 00;8,031015868;3001,65503;514,4404982;285,6473969;7,899908463;31,89999962;3,097217077;2,658926483;26,10933808;14,90824493
01-03 01;7,99777916;3197,632442;539,9162202;294,8529046;7,845355754;31,89999962;3,233183213;2,650140655;26,4716585;17,29311626
01-03 02;8,463050684;3275,944999;551,742909;291,1857087;7,774924418;31,89999962;3,158245884;2,590498226;26,58668364;18,70306683
01-03 03;8,669840304;3101,588227;527,7880183;268,3495446;7,890040933;31,89999962;3,013887269;2,409278938;26,0493996;17,77161382
01-03 04;8,733109349;2759,762489;491,5025816;258,5696591;7,856880151;31,89999962;2,823591899;2,289304589;24,67246426;16,05045666
01-03 05;8,686186094;2578,816154;451,81127;272,2977882;7,869288128;31,89999962;2,463028911;2,345438747;23,66062086;14,99248613
01-03 06;8,631674514;2309,908718;416,2117537;244,6497246;7,896808111;31,89999962;2,2730985;2,309086981;23,53900791;14,35497414
01-03 07;8,560229671;2146,196481;387,5777983;212,5955846;7,946303144;31,89999962;2,118769398;2,363723472;23,12314294;13,67840149
01-03 08;8,395312422;2285,231668;397,7360956;213,5327124;7,883026632;31,89999962;2,176026092;2,544021226;22,42790676;13,02580112
01-03 09;8,10875794;2971,976945;505,0345969;186,0967409;7,882187496;31,89999962;2,762449255;1,99604817;22,60545564;13,20332271
01-03 10;7,780371275;2534,611056;443,7427883;185,5085408;7,911593941;31,89999962;2,421867665;1,814025543;22,60901655;13,78288517
01-03 11;7,61167744;2471,586434;443,2772124;179,1582201;8,05035035;31,89999962;2,426920768;2,088566569;22,53696406;12,66227533
01-03 12;7,807024102;2862,852728;484,4688014;203,2161566;8,086939456;31,89999962;2,638878769;2,56270351;22,37794377;10,70234633
01-03 13;7,855403033;3163,700402;542,6282241;224,4976901;8,168665864;31,89999962;2,965282093;2,663813015;22,67805973;10,98946017
01-03 14;8,149274688;3229,784668;552,201249;254,948867;8,276149591;31,89999962;3,175830138;2,586529113;22,55829212;11,0742473
01-03 15;8,406157665;3221,021595;544,1880061;272,8343552;8,252232589;31,89999962;3,113236975;2,525549786;22,69764574;11,62108061
01-03 16;8,607331902;3205,17995;537,2899976;288,0764737;8,196904813;31,89999962;3,086874623;2,502270948;22,28799642;10,9916322
01-03 17;8,647586449;3314,327661;554,272394;255,3254001;8,053206352;31,89999962;3,328254487;2,573808039;24,01559915;10,29279084
01-03 18;8,562438317;3173,766637;546,0861727;317,2122689;8,11786032;31,89999962;3,279064684;2,418093172;24,59173669;9,841821087
01-03 19;8,596172742;2885,459586;507,2797938;331,1010689;8,080437283;31,89999962;3,048592376;2,318326816;25,11265026;9,63245996
01-03 20;8,650817984;2734,649103;482,3127565;355,3664874;8,019723923;31,89999962;2,900346589;2,380681172;25,27108391;9,516801875
01-03 21;8,680290479;2687,544435;476,5211211;309,1251209;8,043060371;31,89999962;2,994874265;2,425985651;25,59284747;11,24036956
01-03 22;8,366669482;2583,852645;455,3359855;348,9342345;8,065792387;31,89999962;2,85982405;2,449344483;25,70140514;11,61824481
01-03 23;8,28991092;2917,624787;494,2739745;316,634622;7,987567667;31,89999962;3,102495986;2,680083995;25,78975656;14,25493926
02-03 00;8,16027771;2800,299473;491,1691795;311,2639659;7,975843264;31,89999962;2,944292326;2,782375292;25,11125297;14,79960027
02-03 01;8,497603448;2798,986903;493,8776079;293,8239404;7,990902528;31,89999962;2,962391732;2,818089917;25,36881288;15,57578851
02-03 02;8,688789263;2804,075023;494,5978917;292,5870848;7,911809557;31,89999962;2,833504176;2,940015211;25,11067898;16,15092552
02-03 03;8,749849723;2807,112032;495,5220818;302,7744615;7,868096415;31,89999962;2,843114265;3,080304242;25,08334722;14,57306953
02-03 04;8,679498237;2807,555969;487,8367262;275,9824978;7,87457403;31,89999962;2,80330109;3,100331709;24,4618344;14,90807353
02-03 05;8,683672621;2804,42279;486,6650834;258,4082872;7,910208276;31,89999962;2,652346526;2,975282149;23,31755863;14,85510898
02-03 06;8,647696903;2970,544271;521,7358029;244,7725468;7,903809321;31,89999962;2,846811011;2,74578799;22,45524679;14,6294365
02-03 07;8,415798592;2575,87849;456,7388129;204,7238587;7,969863697;31,89999962;2,493411447;2,347973408;21,73688431;14,71889423
02-03 08;8,261106113;2604,256177;450,6227519;182,6226699;7,943110278;31,89999962;2,460603681;2,300194822;21,73044305;14,06895601
02-03 09;8,039177179;2739,771831;493,6757717;201,2042452;7,989892206;31,89999962;2,698996129;1,850041361;21,88421931;14,50161725
02-03 10;7,751531366;2570,866324;455,1965502;174,9190474;8,018730173;31,89999962;2,481036476;1,80494752;21,73964864;14,25090877
02-03 11;7,551265726;2925,100109;504,1328738;208,1511875;7,979753503;31,89999962;2,747836667;1,908076085;21,74359755;12,51592822
02-03 12;7,603300615;2866,971221;503,4499199;201,2762774;8,031562108;31,89999962;2,754027647;2,200810796;21,60977954;11,89771561
02-03 13;7,711750033;2949,501512;528,622666;209,5711298;8,004731005;33,66639443;2,880030869;2,458614308;21,39295764;11,6646218
02-03 14;7,900223136;3004,343893;660,6601519;250,1439457;8,140865505;50,84793904;3,684357761;2,568145575;21,40532952;11,87433866
02-03 15;8,142211448;3009,083604;759,281655;264,8053642;8,12503323;60,09999847;4,255540971;2,574057553;21,59054104;13,50820404
02-03 16;8,306465693;3009,878515;645,1333634;298,7115844;8,076305133;44,51163462;3,709120842;2,613615078;22,82999952;16,11768168
02-03 17;8,458703004;3007,018541;523,1180559;302,1628638;8,020462807;31,89999962;3,137487795;2,6858671;24,63327866;14,60341381
02-03 18;8,415719645;2987,345643;510,757221;306,2318915;7,987613448;31,89999962;3,06928218;2,618072638;24,94861025;13,11715574
02-03 19;8,500369227;2801,291842;506,424984;325,3087506;7,929907022;33,07842186;3,032080294;2,530760997;25,3375672;12,65976596
02-03 20;8,53495304;2767,390046;531,4180221;321,9030632;7,976633593;36,09999847;3,192052163;2,474673346;25,23529054;11,72252453
02-03 21;8,415022999;2661,754967;520,8751131;322,4856663;7,973777671;36,09999847;3,274168028;2,424092458;25,47880314;14,17648701
02-03 22;8,233686733;2540,01868;486,5996664;339,7594271;8,006804766;36,09999847;3,064588887;2,565859157;25,61203109;14,43249076
02-03 23;8,03686567;2597,890714;495,9125594;310,5001933;8,003589586;36,09999847;3,108516981;2,908561696;25,35737104;16,94626433
03-03 00;7,888850992;2606,865267;493,6405941;305,9861428;7,947404677;36,09999847;2,966657128;3,168642593;24,66737309;16,10201924
03-03 01;8,139629529;2603,436913;502,7845255;308,0425104;7,93184335;36,09999847;3,016126268;3,351169255;24,53306705;17,0289844
03-03 02;8,398827612;2597,548537;487,0153123;283,4595152;7,882114478;36,09999847;2,800014842;3,509506632;23,78465085;17,40236382
03-03 03;8,523562546;2597,856849;493,0087612;288,6087669;7,808032054;36,09999847;2,828578923;3,656800927;23,33605595;17,39918384
03-03 04;8,491566832;2599,150998;496,6150881;261,7734684;7,861793507;36,09999847;2,847701051;3,700767889;23,35335214;17,34800561
03-03 05;8,476727236;2595,438092;505,6397141;240,9257377;7,841644396;36,09999847;2,756278876;3,633898711;23,23431057;18,30457749
03-03 06;8,543848306;2792,191117;530,0855709;267,4920935;7,865951769;36,09999847;2,889318976;3,508272503;22,58493688;16,99603018
03-03 07;8,459371577;2799,632316;526,0539717;238,3441019;7,8810131;36,09999847;2,866367627;3,296782723;22,15010731;16,85647668
03-03 08;8,287766944;2794,736008;537,9798275;238,3953521;7,838232173;36,09999847;2,928891188;3,118577487;21,39846712;17,00144798
03-03 09;8,084265856;2792,88913;517,747812;212,2268116;7,919301396;36,09999847;2,831505843;2,988204132;21,46803375;15,85650223
03-03 10;7,783034049;2805,509522;534,8992616;208,8593575;7,935439637;36,09999847;2,920046711;2,819829204;21,64871027;16,00441278
03-03 11;7,536256022;2803,793354;536,9510555;211,877221;7,950774727;36,09999847;2,935208517;2,779777033;21,76100875;14,9559888
03-03 12;7,517136551;2805,118566;534,9124596;226,5840372;8,031666204;36,09999847;2,923290042;2,90453297;21,4123557;13,8823661
03-03 13;7,57537145;2795,401606;527,4818291;245,9450934;8,023250941;36,09999847;2,889671891;3,065614326;21,2938259;12,97980907
03-03 14;7,74226956;2791,85369;525,8590757;258,8714436;8,114497544;36,09999847;3,011088493;3,19310854;21,2980212;12,42544711
03-03 15;7,986233295;2800,798625;531,8952734;280,2895614;8,061559695;36,09999847;3,048063502;3,374588431;21,75293697;12,8636385
03-03 16;8,226296812;3101,616189;553,7492903;288,8365502;8,004456576;36,09999847;3,179578255;3,464035151;22,45781623;12,47661029
03-03 17;8,42006476;3296,599404;596,3153829;304,7978036;8,037571415;36,09999847;3,583221361;3,373861921;23,86300941;11,95935383
03-03 18;8,48507452;3327,731563;588,0077481;340,0789261;7,970556567;36,09999847;3,527591265;3,180887478;24,02994338;11,67856912
03-03 19;8,565023394;2995,023621;565,1045667;329,5188479;7,971139768;36,09999847;3,394723003;2,868776311;24,6222567;11,98004758
03-03 20;8,651950532;2712,702511;527,4380621;306,0702685;7,963552234;36,09999847;3,16586707;2,634346889;24,61822422;12,81095286
03-03 21;8,539207426;2470,676657;473,2933616;318,3826542;7,891386727;36,09999847;2,96924404;2,641492333;25,33943943;14,28866465
03-03 22;8,229629177;2536,188196;482,6931235;324,3266866;7,88513734;36,09999847;3,028106428;2,796624117;25,33468196;14,70366042
03-03 23;8,058923811;2792,047647;528,6617013;311,600108;7,920937705;36,09999847;3,311633798;2,938537959;25,06866947;14,94933989
04-03 00;7,994093149;2852,563405;529,6469584;307,7878527;7,894744494;36,09999847;3,191196676;2,85132659;23,66076476;16,79961123
04-03 01;8,345801743;2643,672531;513,1027087;306,2750251;7,861980302;36,09999847;3,085163435;2,702629252;22,35321781;18,14856512
04-03 02;8,515373464;2508,195232;495,2694427;291,6836453;7,858537544;36,09999847;2,839284894;2,699199724;20,87165794;17,81122469
04-03 03;8,370585926;2489,601174;480,8248067;268,3170137;7,840693972;36,09999847;2,752553123;2,763377494;21,72919801;16,87113427
04-03 04;8,109938636;2563,187509;491,1808202;284,9871752;7,829361324;36,09999847;2,817786122;2,827692289;22,36944955;16,75552901
04-03 05;8,167971867;2551,121859;490,0442049;231,7236015;7,846744607;36,09999847;2,681845602;2,798759403;23,08491813;17,42625996
04-03 06;8,210778467;2512,42303;484,9500273;233,3514683;7,845958094;36,09999847;2,641011943;2,770431998;22,45112062;16,37602509
04-03 07;8,125820081;2480,352636;485,1757451;224,17404;7,86704932;36,09999847;2,65312258;2,779763312;22,26226837;16,77719448
04-03 08;7,883939753;2518,954942;478,8473191;195,1718871;7,860434156;36,09999847;2,619369492;2,820737435;21,31482372;15,69611281
04-03 09;7,840715005;2644,712056;502,564342;200,2905946;7,84335226;36,09999847;2,744710191;2,864699592;21,46489597;15,51307894
04-03 10;7,863298121;2424,983389;473,9293016;208,6923014;7,910730037;36,09999847;2,596847849;2,678085636;21,56233083;15,4136906
04-03 11;8,090570385;2036,849254;402,6873001;235,3023954;7,890748567;36,09999847;2,199940321;2,590934628;21,51926022;14,66230179
04-03 12;8,062749207;2245,912022;437,2049285;270,8721729;7,829226985;36,09999847;2,377869102;2,866106496;21,82616001;14,00910732
04-03 13;7,821715187;2554,416764;487,0048916;261,7566969;7,955290254;36,09999847;2,667898201;3,001584056;21,70867877;14,25040116
04-03 14;7,572257425;2810,632314;520,0081033;228,770292;7,927281733;36,09999847;2,97879782;2,999320377;22,74163251;13,79239534
04-03 15;7,690511484;3123,117454;554,9853315;248,727908;8,027755904;36,09999847;3,193177342;2,996652023;22,88135832;14,03406377
04-03 16;7,75330102;3335,223752;603,3930377;307,3929361;7,990524444;36,09999847;3,456911832;2,982091988;22,53089335;13,81517972
04-03 17;7,966853082;3334,827594;596,2514148;363,1976579;7,925689847;36,09999847;3,569215485;2,855941242;21,70290285;13,56420401
04-03 18;8,301549407;3216,291617;581,4788603;407,9540044;7,875618609;36,09999847;3,494384056;2,727996057;22,64147666;13,8102182
04-03 19;8,514106069;2651,031703;518,7246181;380,7522387;7,901561476;36,09999847;3,120013056;2,478053292;23,76947691;14,4415973
04-03 20;8,580660163;2385,527322;463,7680452;354,3204671;7,830753219;36,09999847;2,783722166;2,591974999;24,1498616;16,2078797
04-03 21;8,59338681;2473,67931;474,8315065;330,4508626;7,845761778;36,09999847;2,975217319;2,783242158;24,07458305;16,41237638
04-03 22;8,334873664;2779,423059;519,7355505;274,463433;7,74073005;36,09999847;3,256590997;2,960210662;24,02416667;17,35257986
04-03 23;8,022003541;2875,565504;545,4221879;291,3633912;7,877006733;36,09999847;3,421404186;2,888876179;23,30636649;19,25767058
05-03 00;7,957039895;2715,411176;517,1153634;313,7538291;7,856456272;36,09999847;3,108722665;2,723829724;21,79680328;18,07015971
05-03 01;8,285762366;2268,107615;455,7135798;289,0899783;7,861547353;36,09999847;2,734048272;2,546595892;21,25381332;17,49683359
05-03 02;8,386796514;2169,17979;421,3013606;279,5544933;7,888173975;36,09999847;2,420716696;2,687619638;20,21491655;15,80166314
05-03 03;8,220966688;2266,26722;426,8564012;253,1569763;7,871770009;36,09999847;2,449161564;2,818083514;20,29808333;14,75177676
05-03 04;7,760424235;2300,732297;456,6785128;247,7410954;7,865004841;36,09999847;2,616760807;2,82922603;21,27594271;16,04008024
05-03 05;7,995217276;2397,102216;467,8835234;238,7133559;7,84765555;36,09999847;2,551338196;2,867394423;22,74546468;15,77892525
05-03 06;8,060946829;2464,209889;472,7058226;234,8154713;7,837270418;36,09999847;2,583987298;2,854944611;22,38058574;15,85805897
05-03 07;7,949128685;2490,975753;482,3128462;215,5640288;7,834072789;36,09999847;2,633545232;2,840802876;22,03653446;15,70887218
05-03 08;7,819760548;2678,015483;505,7312013;232,1463224;7,836984832;36,09999847;2,765363958;2,924026488;20,89623468;15,63302911
05-03 09;7,735665476;2815,511631;538,1611001;218,7515401;7,818396747;36,09999847;2,931970624;2,893165122;20,79962218;16,66107818
05-03 10;7,709775855;2534,919563;494,8722225;199,3750079;7,874359226;36,09999847;2,704320151;2,659258016;20,20292063;16,57798094
05-03 11;7,988129704;2173,771005;425,3579078;272,5081935;7,869328269;36,09999847;2,323434384;2,584213483;19,37788355;15,49768199
05-03 12;8,049118533;2288,682876;444,2043854;292,6001764;7,818299913;36,09999847;2,419482786;2,816091466;20,06670239;13,92005957
05-03 13;7,716013377;2576,334606;488,8164128;285,6107768;7,921546369;36,09999847;2,67450612;2,964438406;20,39227494;13,31148332
05-03 14;7,652365495;2905,154053;536,0075409;229,7431981;7,936182039;36,09999847;3,070619913;3,015301594;21,53134267;14,23335243
05-03 15;7,69798713;3090,444943;559,7232002;266,7285171;7,96344603;36,09999847;3,214474004;2,949885003;22,13397155;14,82802974
05-03 16;7,69450933;2916,898843;544,0781792;282,5882221;8,032200227;36,09999847;3,118488812;2,737122004;22,59785372;14,40368479
05-03 17;7,883780355;2638,866174;514,6361325;326,1244226;7,966437059;36,09999847;3,092752613;2,637752331;23,60748344;14,17045661
05-03 18;8,040256563;2577,073298;485,915366;344,9509776;7,954671861;36,09999847;2,914224047;2,751696611;24,58805762;13,51875304
05-03 19;8,189464176;2799,723662;519,8138496;354,2905246;7,943122515;36,09999847;3,127273024;2,891097521;26,20635147;12,77671526
05-03 20;8,180213858;2923,523524;551,4010525;381,5930137;7,880981546;36,09999847;3,314172975;2,894374982;27,10124305;14,26449029
05-03 21;8,385038096;2857,167003;533,2097982;357,5216052;7,853606796;36,09999847;3,345997272;2,781571221;27,30063199;16,92887917
05-03 22;8,504812188;2745,254271;530,9957134;343,4632123;7,855013484;36,09999847;3,328015013;2,739962677;27,11533082;19,1188536
05-03 23;8,458301713;2821,356218;535,6460231;348,0623652;7,817388615;36,09999847;3,358457409;2,836766879;26,73095119;19,38029153
06-03 00;8,317412027;3001,253324;559,6405476;350,4554151;7,823720422;36,09999847;3,363316092;2,966803845;25,6878615;20,55596676
06-03 01;8,222848697;3000,313992;545,9286757;323,089107;7,819617881;36,09999847;3,276940649;2,970997496;25,43123938;21,25882037
06-03 02;8,500404055;2994,120687;552,6762971;325,6482535;7,834215;36,09999847;3,168767069;2,921722659;24,05705009;21,96501661
06-03 03;8,71244668;2892,36332;553,1706658;283,0502286;7,858120606;36,09999847;3,170915868;2,766615725;22,8048598;21,30854677
06-03 04;8,715409868;2508,92656;494,8547395;259,077166;7,836963132;36,09999847;2,83487916;2,588427386;22,66085337;20,63551146
06-03 05;8,644019481;2282,770654;451,4001586;255,0754521;7,816121918;36,09999847;2,462933823;2,624831298;22,52870115;19,59944242
06-03 06;8,5597714;2073,094644;412,3884109;239,0656864;7,866503405;36,09999847;2,249570812;2,629201682;22,81830216;18,51480782
06-03 07;8,363693427;1926,994316;389,7705628;211,1135929;7,851913937;36,09999847;2,130417905;2,676914493;22,36757999;17,65437778
06-03 08;8,256821497;1976,103493;387,6067559;170,9285329;7,942865314;36,09999847;2,112947454;2,78900004;21,58576812;17,03755977
06-03 09;8,049060769;2201,850279;435,4596934;221,5893072;8,021167499;36,09999847;2,377802365;2,9308915;22,27798209;16,39920353
06-03 10;7,728282471;2491,214453;486,6786361;193,4898966;8,021115398;36,09999847;2,662317044;3,001812223;22,32798347;18,14362756
06-03 11;7,602023834;2853,444147;529,443756;201,5621924;8,047125583;36,09999847;2,883791209;3,047436812;22,41316292;15,57983248
06-03 12;7,512704498;3128,801965;557,5277635;209,0652656;8,161525304;36,09999847;3,043262823;3,012866869;22,34871328;14,94318759
06-03 13;7,601688755;3273,808877;594,4046064;247,8613077;8,117627305;36,09999847;3,251366641;2,934286589;21,88549413;13,47729638
06-03 14;7,821398638;3216,472475;593,0506594;278,1451826;8,135479286;36,09999847;3,400398193;2,807493542;20,94487065;12,35826569
06-03 15;7,997274833;3068,269724;579,7160305;339,4277609;8,117396179;36,09999847;3,320457452;2,715727842;21,94239401;12,20426245
06-03 16;8,163785593;2959,119521;546,2831957;415,2529919;8,035363415;36,09999847;3,12935801;2,713177759;22,59989697;11,00917332
06-03 17;8,225779457;2734,522393;534,5432103;389,0038371;8,100070473;36,09999847;3,20992672;2,649488427;23,86560814;10,13024602
06-03 18;8,314271444;2480,773637;482,7075496;396,5511229;8,04322401;36,09999847;2,893789443;2,621983007;24,88214243;11,57713754
06-03 19;8,324911737;2303,710792;442,5442634;382,7198711;8,012024365;36,09999847;2,659194762;2,658369655;25,59249633;12,42208592
06-03 20;8,308660771;2349,779683;468,1498635;379,508399;8,01357214;36,09999847;2,808238078;2,779702115;26,14939686;12,87600583
06-03 21;8,067340263;2520,270994;476,3681187;378,8239467;8,039489607;36,09999847;2,986817892;2,799772539;26,65334481;14,94897783
06-03 22;7,709430391;2793,415314;522,4291208;369,8525202;7,989124468;36,09999847;3,291442646;2,739065701;26,62033213;18,46634075
06-03 23;7,583757062;2921,733945;554,1916059;353,4087311;8,040352415;36,09999847;3,471605619;2,61642238;26,20400717;19,18305546
07-03 00;7,653002622;2662,931516;513,7375775;356,0661733;8,033010175;36,09999847;3,074237797;2,400120566;25,41509173;19,06028973
07-03 01;8,036674136;2578,33565;492,7005382;324,1976012;7,98641185;36,09999847;2,957112409;2,440661132;24,9362076;19,74599964
07-03 02;8,140438593;2760,075971;527,3774116;305,1370492;7,968166283;36,09999847;3,02669061;2,57929743;24,69656984;20,08208463
07-03 03;7,96954457;2822,107013;539,4326984;318,6381302;7,880392121;36,09999847;3,088792943;2,560544426;25,23778497;19,81023849
07-03 04;8,252981448;2709,324489;517,7956177;296,5013428;7,891450067;36,09999847;2,959572914;2,435412171;25,03671793;20,15932914
07-03 05;8,335503876;2460,016009;487,4961297;290,5316503;7,938615742;36,09999847;2,666587383;2,356146071;24,45366901;19,18140058
07-03 06;8,325558372;2315,892194;456,180145;268,9789361;7,872328172;36,09999847;2,488329304;2,369195596;23,68049274;18,06491053
07-03 07;8,078835217;2473,843787;471,2764757;225,5999314;7,92576176;36,09999847;2,568028073;2,123898214;23,33871745;18,18827078
07-03 08;7,916667063;2354,33201;454,3743019;210,305008;8,058476906;36,09999847;2,48612097;1,885285229;22,61273637;18,40889164
07-03 09;7,793982503;2373,157881;470,4324845;224,2094947;8,091513574;36,09999847;2,574393025;1,77204116;22,63543654;17,57834318
07-03 10;7,586081608;2343,233127;462,6040109;232,7086075;8,111331384;36,09999847;2,53097288;2,048505469;22,70140584;17,11867424
07-03 11;7,394732415;2415,634422;464,4850969;221,1172587;8,121908963;36,09999847;2,531969031;2,4107594;22,77124751;16,59359748
07-03 12;7,383919406;2730,772045;501,1794978;208,8813626;8,199771596;36,09999847;2,739706364;2,651475014;22,94346679;16,30279335
07-03 13;7,518136367;3128,182331;575,0296916;247,3400212;8,24473914;36,09999847;3,135399136;2,737110788;22,5287932;14,2536729
07-03 14;7,797215127;3169,572175;568,1452871;270,7014423;8,297644359;36,09999847;3,156298915;2,597872975;22,35662306;12,57814431
07-03 15;8,208177173;2972,136465;560,456726;440,3501812;8,186027177;36,09999847;3,212851842;2,398003715;23,02303764;12,36367973
07-03 16;8,235929918;2762,962684;519,9249738;393,9173671;8,341460711;36,09999847;2,981049993;2,352498756;23,59489358;11,22686844
07-03 17;8,217289988;2569,637074;497,4249099;376,2587294;8,339614779;36,09999847;2,986748219;2,366576673;24,9609959;11,40054922
07-03 18;8,211858672;2482,687178;477,292687;383,4098874;8,490483402;36,09999847;2,874727908;2,402762605;25,95534187;12,12799048
07-03 19;8,208995501;2415,179159;473,268021;378,477728;8,322366712;36,09999847;2,846232884;2,431307711;26,74236397;12,89967056
07-03 20;8,202367787;2546,301888;487,004528;330,5320239;8,167864715;36,09999847;2,925808755;2,571597457;27,05291566;12,99052643
07-03 21;7,884367731;2713,428492;516,5457987;350,4921674;8,143496349;36,09999847;3,239006647;2,609217968;26,98051829;15,19135239
07-03 22;7,714597107;2979,156065;546,5767042;353,4976457;8,071332765;36,09999847;3,432603263;2,676269648;26,82175778;18,93563982
07-03 23;7,661020156;2998,872478;563,6165556;334,1763842;8,037119635;36,09999847;3,542068048;2,55217804;26,19700643;19,1349751
08-03 00;7,806014778;2829,905768;540,2521092;328,2037639;8,055460443;36,09999847;3,246273007;2,423265356;24,65874612;18,93831557
08-03 01;8,129537952;2945,381541;548,6944016;324,1330647;7,994147724;36,09999847;3,292343747;2,557613535;24,17471572;20,33051427
08-03 02;7,953260784;2981,807279;557,1166485;315,781574;7,986035771;36,09999847;3,188985351;2,514094219;24,00196697;21,18136038
08-03 03;8,19601948;2708,163207;515,9252725;320,6322971;7,980971441;36,09999847;2,96678672;2,347071511;24,27813495;21,33910645
08-03 04;8,417706679;2389,516023;466,7105092;304,341127;7,942279247;36,09999847;2,675518023;2,290152411;24,08569556;20,50929835
08-03 05;8,386748376;2142,336291;410,6911702;265,9409213;7,984804422;36,09999847;2,238212558;2,310958588;24,02505332;19,23048648
08-03 06;8,319380617;2187,864468;428,1191648;276,088478;7,917931612;36,09999847;2,340669506;2,473346661;24,06146794;18,89115851
08-03 07;8,168651416;2202,361939;462,6639885;245,7601203;7,882518018;36,09999847;2,521643233;2,427073369;23,94275462;17,65256779
08-03 08;7,861671103;2504,825767;643,1776722;222,1691573;8,105958202;36,09999847;3,501995005;1,769143876;23,26525295;17,46381206
08-03 09;7,703801634;2424,213768;704,9809134;220,407373;8,084070725;42,50081265;3,853756431;1,657351341;23,0182941;20,10592007
08-03 10;7,507851878;2108,983244;561,6671839;216,2377431;8,163009655;35,92993552;3,06474987;2,012527366;23,04142222;20,04035435
08-03 11;7,222419942;2146,846737;568,1356588;200,6452992;8,236146089;35,90000153;3,102672196;2,3724417;23,66677323;16,181068
08-03 12;7,363479367;2547,403297;638,7231055;220,142212;8,204008223;35,90000153;3,47846304;2,67682033;23,73175542;14,4377435
08-03 13;7,428039066;2944,607698;697,7502173;243,454575;8,255031814;35,90000153;3,815506878;2,746210852;23,47115095;14,28448462
08-03 14;7,661738122;2994,287177;824,5319243;269,0822389;8,365030164;45,39060754;4,308405452;2,604743168;23,49521288;14,24231616
08-03 15;8,019732946;3021,246541;895,2687048;367,5687707;8,230313168;50,09999847;5,136348771;2,539775299;24,03753829;14,62606568
08-03 16;8,375270276;2843,047542;864,8234503;484,0447436;8,159340107;50,09999847;4,861381078;2,40176845;24,61423157;15,19116875
08-03 17;8,383758317;2448,274042;785,8839385;400,6457875;8,110245598;50,09999847;4,716758422;2,267120678;26,79151562;15,76168749
08-03 18;8,358835318;2194,565778;587,5722525;424,0878769;8,181585249;50,09999847;3,536855841;2,290601318;27,85435048;17,27974601
08-03 19;8,289858232;1986,61039;532,2410074;433,6437453;8,200205707;50,09999847;3,19571817;2,337934073;28,75505859;15,85629214
08-03 20;8,221045198;2054,175795;490,4205705;373,3871434;8,107532316;50,09999847;2,941138023;2,504675607;28,70768722;16,62816574
08-03 21;7,938962179;2393,470864;569,3535204;366,6433554;8,044799422;50,09999847;3,572579549;2,701313615;28,64146438;16,82030359
08-03 22;7,839342838;2944,561072;718,5670491;351,5227262;8,03335306;50,09999847;4,502939961;2,822233509;28,70720708;18,85625665
08-03 23;7,682063143;3061,123227;748,5748556;336,0971973;7,992855777;50,09999847;4,708419454;2,642009192;28,36233681;23,65813392
09-03 00;7,836067761;2916,353736;735,8941405;344,7404032;7,991179851;50,09999847;4,419595553;2,472597224;25,32514897;25,00012581
09-03 01;8,172727477;3065,059793;748,798799;290,946445;7,948122957;50,09999847;4,392132722;2,582527264;23,87230106;24,82247439
09-03 02;8,094451894;2991,928905;741,0035842;319,9502278;7,953576837;50,09999847;4,248544636;2,466507915;24,17966205;23,38655023
09-03 03;8,130125259;2750,250472;677,7709789;304,2350734;7,96022334;50,09999847;3,891318354;2,352483733;24,43520028;25,0230402
09-03 04;8,215963204;2487,885904;617,272557;300,7274579;7,930906102;50,09999847;3,537291761;2,325942494;24,06328184;21,47716415
09-03 05;8,185642315;2340,353648;585,3667712;292,8396433;7,923396756;50,09999847;3,188236397;2,367832891;23,62739138;21,8067083
09-03 06;8,082725874;2235,215067;561,9837871;276,3262848;7,957857827;50,09999847;3,073895121;2,39832462;23,76205542;20,93997507
09-03 07;7,970282829;2659,384657;646,9329478;258,9689147;7,966444939;50,09999847;3,531528659;2,250254452;23,25168073;19,63922915
09-03 08;7,813320513;2296,502995;596,5787025;224,7476261;8,068907725;50,09999847;3,253272839;1,663106739;22,51726502;20,69917654
09-03 09;7,582992131;2052,368013;508,2938861;221,1807921;8,189395142;50,09999847;2,781815842;1,761798968;21,88554954;20,28788889
09-03 10;7,52690876;1533,090313;355,7118277;253,4897364;8,120861608;50,09999847;1,933924084;2,637681907;21,97834211;18,54325631
09-03 11;7,392533145;2463,576453;586,6842903;219,0280731;8,121501866;50,09999847;3,208858233;2,922223286;22,71260219;18,05977897
09-03 12;7,385854528;3093,076203;713,871237;238,854415;8,185642586;50,09999847;3,895460453;2,965055939;23,47748462;18,46424638
09-03 13;7,535611624;3458,19316;794,5665611;280,9010123;8,148330679;50,09999847;4,338720879;2,822813154;23,61446891;17,23498151
09-03 14;7,63391412;3318,920174;763,1498722;330,6505119;8,13276785;50,09999847;4,318188395;2,491707716;23,17787688;16,17145832
09-03 15;7,834431726;2931,430757;696,2734372;309,0063106;8,197662604;50,09999847;3,986779814;2,297331669;23,24910852;15,70652595
09-03 16;8,010131447;2741,77421;658,3879093;323,5922196;8,2649206;50,09999847;3,778272394;2,359928399;23,63411039;15,67588018
09-03 17;8,090641816;2732,31668;636,2810638;334,3136326;8,201759099;50,09999847;3,819463367;2,432529084;26,61946333;16,34336162
09-03 18;8,084111192;2665,005244;642,4076113;375,8962476;8,081265523;50,09999847;3,866042632;2,441836244;27,75817751;14,63261984
09-03 19;8,103885802;2463,865732;584,7535589;338,7305587;8,133115974;50,09999847;3,506374463;2,363048291;28,00614914;16,85479357
09-03 20;8,074383727;2338,855739;551,0786808;340,5078476;8,073072291;50,09999847;3,311868471;2,404524474;27,51624119;16,71579811
09-03 21;7,984571089;2356,083671;578,2025254;337,2588916;8,016314302;50,09999847;3,626757152;2,471641534;26,95083347;18,62699607
09-03 22;7,663105832;2505,008724;584,6001748;351,2000846;8,062151525;50,09999847;3,668802956;2,598496687;26,94751027;19,28338994
09-03 23;7,57352802;2949,742238;697,5150082;336,2549395;7,981894252;50,09999847;4,374554143;2,756071331;26,82623059;22,4202575
10-03 00;7,643146219;3051,13768;724,1893783;373,9439056;8,051171595;50,09999847;4,349691225;2,598782699;25,52229394;26,83924879
10-03 01;7,868549424;2540,956263;616,2699039;345,3168287;8,021831741;50,09999847;3,690838014;2,262864265;24,66182989;26,48654564
10-03 02;8,115853394;2559,711192;604,6519432;318,3510995;7,943657802;50,09999847;3,464269774;2,47127385;23,85082223;24,36332381
10-03 03;8,381306825;2686,330205;632,2144693;321,2142591;7,913935211;50,09999847;3,619844728;2,540151361;24,31493887;23,54608065
10-03 04;8,643065146;2443,671405;600,375847;285,4521166;7,917256933;50,09999847;3,434532096;2,376426996;24,89003286;23,97545517
10-03 05;8,384732633;2306,801608;553,9700665;274,1893084;7,887022715;50,09999847;3,024121452;2,389155514;24,63779351;22,9146846
10-03 06;8,300409722;2101,906277;514,7845714;235,7283982;7,958382303;50,09999847;2,814057483;2,350313733;24,43999075;20,33152186
10-03 07;8,161427288;2068,269962;505,3798156;245,6354675;7,936710035;50,09999847;2,761579356;2,460385796;24,16714635;19,2856374
10-03 08;8,009877672;2667,894547;644,4791456;179,4906655;7,718097784;50,09999847;3,508629844;1,978235431;23,42639847;18,83861907
10-03 09;7,734453234;2214,056219;519,9894202;209,4990732;8,109096454;50,09999847;2,842751608;1,699839287;23,68102127;19,1136104
10-03 10;7,532616457;2330,276226;573,5855527;211,6724421;8,178503584;50,09999847;3,126792392;1,706076569;23,09304714;19,30458863
10-03 11;7,371603081;2636,310437;616,8022659;230,5020881;8,140832363;49,23287105;3,329617684;1,802420318;23,32644591;19,69615593
10-03 12;7,500943693;2657,8006;599,4392971;255,7778864;8,250334457;46,90000153;3,266043156;2,29046186;24,34764013;18,94650314
10-03 13;7,58292398;2936,634189;661,8881973;248,6389096;8,224409107;46,90000153;3,607966348;2,572257263;24,555286;17,75753878
10-03 14;7,644994236;3054,039136;679,0410175;273,2657711;8,215625264;46,90000153;3,757853849;2,573914398;23,94484612;17,22106694
10-03 15;7,852688516;2930,895424;657,2463339;292,4454019;8,296215593;46,90000153;3,767931457;2,449483435;23,61520625;17,42654965
10-03 16;8,088295144;2891,678353;621,9425543;437,0099213;8,160483628;44,11268646;3,564373261;2,45994958;23,812648;17,35404522
10-03 17;8,226727327;2867,234528;585,3565105;414,1811893;8,14071396;39,90000153;3,517170697;2,475572332;26,11239916;15,65598032
10-03 18;8,228417782;2694,254916;558,6465781;376,3060217;8,145958401;39,90000153;3,357461486;2,380533238;27,50441778;16,64139716
10-03 19;8,255955388;2409,917935;496,5415138;376,3473721;8,118704296;39,90000153;2,983838997;2,320310299;27,79214741;18,67152458
10-03 20;8,301358457;2261,343316;478,6755863;360,1315111;8,059066394;39,90000153;2,878022259;2,36355936;27,82547153;18,78140817
10-03 21;8,200729435;2121,57523;451,4588634;338,526471;8,053003398;39,90000153;2,836790908;2,394084404;27,76676098;20,05142143
10-03 22;7,884240932;2305,361082;483,2844594;352,8271047;8,040311903;39,90000153;3,026519793;2,580476151;27,55399397;21,12492935
10-03 23;7,653143139;2707,211573;546,7676177;358,1844203;7,99642175;39,90000153;3,425426062;2,736084771;27,22021146;22,34348177
11-03 00;7,660073475;2994,550271;596,7493354;339,313613;7,997103926;39,90000153;3,581225905;2,703733648;26,38663553;22,68982759
11-03 01;7,801940858;2927,827835;606,8036276;351,917712;7,972516411;39,90000153;3,644768766;2,522027844;25,5184878;24,83182793
11-03 02;8,208499943;2765,278612;568,2046188;327,3447816;7,937787801;39,90000153;3,252384622;2,414102332;23,75938836;25,69454466
11-03 03;8,230744965;2502,373019;526,4349973;300,9565461;7,981379972;39,90000153;3,016238477;2,332504717;23,26070537;23,95046384
11-03 04;8,049601707;2355,496222;483,2983351;279,6150744;7,960046669;39,90000153;2,762788197;2,380908155;23,14126909;22,88481271
11-03 05;7,890501945;2129,83946;450,0369441;253,3971326;7,974697867;39,90000153;2,458756141;2,326892524;23,0854557;21,7737902
11-03 06;7,812181901;1961,985868;415,6733512;259,9382937;8,01161775;39,90000153;2,270198835;2,3736695;23,01007281;21,00111058
11-03 07;7,856585592;1899,562215;398,6620552;247,8366204;8,010616599;39,90000153;2,173894859;2,416358942;22,57600445;20,4326684
11-03 08;7,832517284;1981,725249;419,2059721;262,3943601;7,997684019;39,90000153;2,287758983;2,535562986;22,15054449;20,16377385
11-03 09;7,710002413;2058,602177;433,7015173;218,8946541;8,071924805;39,90000153;2,37226159;2,549572284;23,0589007;19,29096995
11-03 10;7,545820284;2123,612834;449,2610224;219,2868081;8,060313891;39,90000153;2,452027601;2,564715695;23,44856735;18,76871182
11-03 11;7,459748174;2222,248487;458,9002571;206,1647035;8,118121888;39,90000153;2,506007788;2,576704637;23,37299848;18,52338845
11-03 12;7,462329185;2454,421307;499,0734185;228,4217881;8,094130253;39,90000153;2,721573523;2,66049582;23,23602716;18,97155528
11-03 13;7,510127795;2799,736452;566,1668861;262,3711079;8,067942854;39,90000153;3,09182321;2,719897015;22,89339092;17,72566922
11-03 14;7,553429361;3004,785128;604,2878725;296,1671651;8,115418249;39,90000153;3,463506671;2,659542599;23,14079686;17,09036502
11-03 15;7,558114719;2990,329647;593,0549294;400,0763382;8,050932538;39,90000153;3,392295894;2,539427245;22,98574559;17,08073929
11-03 16;7,709363444;2797,292264;586,0931593;488,3702107;8,004000818;39,90000153;3,359264991;2,405867542;22,70507793;17,4185936
11-03 17;7,866566136;2752,764158;560,0763071;604,522974;7,929051027;39,90000153;3,361739695;2,46046596;24,33843669;17,29160975
11-03 18;8,00907395;2829,708609;577,4105822;491,2999813;7,971567281;39,90000153;3,46950772;2,529704674;25,98725815;17,35326924
11-03 19;8,014123223;2814,499159;569,3817769;411,5670643;8,013058955;39,90000153;3,417415717;2,503477803;26,49281579;18,44756417
11-03 20;8,129920588;2607,832955;526,4315456;438,8911103;7,910438913;39,90000153;3,162301534;2,363158669;27,0890236;22,6921742
11-03 21;8,299034072;2279,742258;476,2443959;367,5400014;7,926321736;39,90000153;2,981036368;2,296753494;27,02001092;23,91502121
11-03 22;8,265233365;2178,330832;463,4298549;357,5063994;7,934490163;39,90000153;2,910921146;2,40170791;26,43962766;23,36792194
11-03 23;8,031180747;2400,077226;500,6457075;348,204516;7,922560113;39,90000153;3,138170878;2,600694914;25,89417198;23,69707048
12-03 00;7,872921085;2728,211376;557,7372012;334,4447901;7,88124895;39,90000153;3,352234398;2,70492417;24,60408968;25,27213765
12-03 01;7,941610619;2934,929899;601,8817223;340,1748491;7,88432453;39,90000153;3,602079517;2,652799184;24,42421586;25,37236233
12-03 02;8,10131878;2681,892383;549,267767;310,0810152;7,905072428;39,90000153;3,153840199;2,388708329;22,79774883;25,18661045
12-03 03;8,246906259;2473,518594;513,1094252;306,7157313;7,902854207;39,90000153;2,944113061;2,375732177;21,46895289;21,30033889
12-03 04;8,245870465;2316,573676;491,1712208;272,0700777;7,920323733;39,90000153;2,820733652;2,372836812;21,30982773;20,44666082
12-03 05;8,001030969;2131,152429;443,4449937;242,5321475;7,945768641;39,90000153;2,425971282;2,354200455;21,63648526;20,53124573
12-03 06;7,899182109;2015,12314;434,1656684;227,1122179;7,933110892;39,90000153;2,363400388;2,401226953;21,52861894;19,41187417
12-03 07;7,882351104;2099,705236;459,4239819;244,922925;7,913503348;39,90000153;2,51096444;2,52092552;21,31794771;19,27522927
12-03 08;7,746012732;2039,885991;442,1402336;214,5018607;7,964497813;39,90000153;2,415117017;2,458300353;21,04532422;19,09255322
12-03 09;7,51971908;1991,129297;432,468187;195,5195673;7,99548866;39,90000153;2,358691957;2,460074117;21,89367285;18,43461992
12-03 10;7,302919784;1984,696744;424,3817899;204,2744509;8,009363851;39,90000153;2,323456036;2,478544177;21,63202706;18,25675062
12-03 11;7,034392207;2011,944219;427,6118431;199,9728088;8,016058301;39,90000153;2,331341797;2,523497368;21,51173884;17,70669386
12-03 12;7,081530887;2324,154471;443,9722412;217,0393269;8,005413511;39,90000153;2,420275248;2,682108912;21,77156691;16,71830227
12-03 13;7,157047052;2623,056409;536,3261054;214,8761342;8,03007582;39,90000153;2,93435355;2,717550723;22,26644256;16,37517408
12-03 14;7,309542179;2908,716649;594,4308079;275,9560469;7,949798429;39,90000153;3,407581433;2,701452029;22,92272248;16,39306267
12-03 15;7,433707231;2889,969565;598,9890024;289,1624408;8,088104818;39,90000153;3,433209619;2,533032421;23,05884599;17,46233089
12-03 16;7,554670024;2725,409339;555,2107422;344,5067538;8,026240949;39,90000153;3,183378888;2,43302698;22,57154532;18,52827893
12-03 17;7,638382033;2744,790101;556,1221449;416,5837433;8,026656278;39,90000153;3,343002017;2,479107271;24,01425668;18,12521341
12-03 18;7,837026595;2830,265227;585,7591422;378,4613421;8,077752867;39,90000153;3,523046795;2,547265835;24,9919772;18,01335585
12-03 19;8,047741332;2669,544003;558,4680951;407,9445235;7,937857652;39,90000153;3,354948952;2,409231004;25,37508655;18,70153404
12-03 20;8,272225019;2482,213825;517,8707128;375,2407916;7,960492669;39,90000153;3,112027286;2,386922634;26,60404211;20,35422488
12-03 21;8,359139086;2471,442427;510,4694293;361,8434336;7,919501382;39,90000153;3,209510479;2,456150399;27,15999243;23,16111277
12-03 22;8,252875092;2646,695227;544,3626764;365,7059691;7,855653596;39,90000153;3,41861168;2,60003063;27,17846428;23,33653022
12-03 23;8,148991211;2929,187886;599,4750314;346,1655776;7,881675055;39,90000153;3,757343415;2,670889845;26,76180923;25,17285438
13-03 00;8,101780113;2850,982209;575,1554766;355,4571017;7,84485135;39,90000153;3,453603498;2,487119267;25,25828065;26,54697571
13-03 01;8,218202183;2716,077426;560,7171294;370,6261811;7,929723131;39,90000153;3,368781546;2,429156621;24,39324774;26,6445933
13-03 02;8,328629283;2688,06108;545,8526104;325,4187275;7,889238546;39,90000153;3,13071418;2,465657325;23,34255983;25,81589778
13-03 03;8,200240652;2686,179352;543,4018158;328,9886471;7,84096181;39,90000153;3,116049386;2,484618432;22,88751026;26,31619669
13-03 04;8,299954604;2571,486268;540,4376919;287,7596455;7,875128222;39,90000153;3,098232224;2,41551164;22,95365074;24,96040569
13-03 05;8,323905833;2281,158703;492,7727286;286,4906076;7,888092846;39,90000153;2,694551638;2,322055835;22,44480524;24,46687196
13-03 06;8,255686092;2182,887486;461,5703478;234,6787428;7,802970045;39,90000153;2,524593712;2,407738287;21,69802193;23,00187983
13-03 07;8,187517326;2142,404716;458,41845;255,7435695;7,848018849;36,24211662;2,50339103;2,436118192;21,53244537;22,04370607
13-03 08;7,950769761;2654,350262;32,30624292;242,7741383;8,001956479;0;0;1,846855507;3,435383902;22,5190379
13-03 09;7,832209365;2211,486826;278,9668298;227,5573517;8,040449117;26,32842485;1,433503264;1,679464581;13,52911597;6,623033696
13-03 10;7,48673617;2193,026936;476,8945178;203,5011284;8,157191578;40,09999847;2,599648428;1,710187275;22,17808524;14,23447837
13-03 11;7,236612373;2459,525651;529,0555165;229,5405455;8,14958307;40,09999847;2,894421737;1,723257185;21,50597195;21,64960673
13-03 12;7,315724174;2440,304117;520,5551414;252,8040344;8,163630641;40,09999847;2,84475706;2,196551118;21,24589941;19,86056576
