;"RIS-RIS-QI01_TT";"IPU-IPU-FB18";"SAN-SAN3-FB01";"SAN4-ANL1-QI02";"SAN4-ANL1-QI01";"SAN-SAN3-ML01";"POL_FT04";"IPU_LT01";"PHA5-SED5-QI11";"PHA5-SED5-QI01"
"13-02 12";-0,5098584;0,640221;0,6678672;-0,4911328;-0,4508332;0,4106931;0,7758976;-0,3924941;0,352807;0,3029464
"13-02 13";-0,4234553;0,236354;0,3885355;-0,4304022;-0,6113268;0,4106931;0,423033;-0,4979934;0,4380106;0,007130833
"13-02 14";0,1235112;0,3334421;0,4160516;-0,1357807;-0,01350226;0,4106931;0,6307073;-0,4002808;0,4663689;-0,07142572
"13-02 15";0,6132874;0,3043756;0,3889514;-0,09991553;0,1010543;0,4106931;0,613166;-0,4196164;0,6110651;-0,06706706
"13-02 16";0,9696231;0,277703;-0,242791;0,1787931;-0,3260168;-0,9602906;-0,2596114;-0,4218534;0,6716827;-0,2373149
"13-02 17";1,146077;0,2516049;-0,2936922;0,3649473;-0,5770581;-1,015506;-0,075781;-0,4300106;2,193097;-0,1970589
"13-02 18";1,208987;-0,2828858;-0,5710831;0,3980887;-0,6354642;-1,015506;-0,4625433;-0,5676736;2,997876;-0,1009547
"13-02 19";1,3033;-1,248582;-1,105985;0,5771074;-0,8723776;-1,015506;-1,266001;-0,4234963;2,621709;-0,02949323
"13-02 20";1,316901;-1,249362;-1,170271;0,5530839;-0,6612068;-1,015506;-1,373193;-0,3062697;2,354151;0,1885372
"13-02 21";1,158642;-1,238456;-1,146759;0,6524443;-0,9152831;-1,015506;-1,176175;-0,1676086;2,126385;0,4332361
"13-02 22";1,026731;-1,25946;-1,146361;0,7922758;-1,113724;-1,015506;-1,164767;0,09715246;1,937906;0,5377132
"13-02 23";0,7644466;-1,241442;-1,172759;0,49226;-1,369312;-1,015506;-1,220441;0,4386363;1,797664;0,5680444
"14-02 00";0,6417976;-1,259242;-1,102514;0,4231098;-1,713886;-1,015506;-1,276616;0,7194164;1,495472;0,8399865
"14-02 01";0,6628809;-1,247949;-1,188005;0,07925189;-2,033543;-1,015506;-1,383081;0,9531924;1,299892;1,116808
"14-02 02";0,9892264;-1,250568;-1,128301;0,1931588;-2,201619;-1,015506;-1,473293;1,21402;1,071521;1,132081
"14-02 03";1,247939;-1,244696;-1,104476;-0,1253322;-2,129979;-1,015506;-1,435743;1,460833;0,7322637;1,039602
"14-02 04";1,386018;-1,269945;-1,01235;-0,2950274;-2,220845;-1,015506;-1,312704;1,651815;0,5715516;1,101112
"14-02 05";1,336355;-1,251853;-1,030023;-0,3424476;-2,352814;-1,015506;-1,4844;1,769116;0,5208032;1,144932
"14-02 06";1,111313;0,82084;-0,1724865;0,03599083;-2,457497;-1,015506;-0,3322105;1,615504;0,4108982;1,316571
"14-02 07";1,196016;0,9224736;-0,07993638;0,6250809;-2,234129;-1,015506;-0,2123022;1,312896;0,2749335;1,301318
"14-02 08";1,232793;0,9700403;0,01991302;-0,2697091;-1,900483;-1,015506;-0,09860334;1,040404;0,01998247;1,146843
"14-02 09";0,8997769;0,9442732;0,005736747;-0,3557664;-1,172423;-1,015506;-0,1011539;0,8102179;0,08270164;1,082359
"14-02 10";0,263599;0,9672856;-0,03824023;-0,6605533;-0,8144112;-1,015506;-0,1553828;0,5453146;0,1273073;0,9581987
"14-02 11";-0,2700803;0,9539149;0,01683329;-0,6590601;-1,304761;-1,015506;-0,08062778;0,1902207;0,2052587;0,7886234
"14-02 12";-0,04922265;0,8771865;-0,01748142;-0,1076347;-0,6791347;-1,015506;-0,1330943;-0,2194442;0,2493232;0,4080428
"14-02 13";0,1386444;0,110821;-0,3747245;-0,09485559;-1,506555;-1,015506;-0,610603;-0,5743103;0,3210145;0,2993569
"14-02 14";-0,1420482;-0,1755965;-0,5396148;-0,1611488;-0,8333115;-1,015506;-0,6374814;-0,5207291;0,3521486;0,3255961
"14-02 15";0,1467303;-0,241685;-0,5519801;0,07078741;0,5657865;-0,862564;-0,6570635;-0,4731244;0,470173;0,238751
"14-02 16";0,3822892;-0,4694998;-0,1772904;0,2605357;0,6585829;-0,2884243;-0,1119104;-0,4843609;0,4508142;0,4879567
"14-02 17";0,6676035;-0,2754993;-0,01073985;0,6282205;-1,579561;-0,2884243;0,3447395;-0,3634879;0,8508892;0,4293208
"14-02 18";0,7236028;-0,5898504;-0,1538727;0,7012734;-0,5918938;-0,2884243;0,1296297;-0,5081487;1,210541;0,5497768
"14-02 19";0,5912419;-1,018663;-0,5867884;0,6263089;-0,7950962;-0,2884243;-0,5029538;-0,5392698;1,407493;0,8764859
"14-02 20";0,6328797;-0,9734024;-0,5066547;0,6035143;-1,090047;-0,2884243;-0,3929239;-0,4431929;1,431413;0,9972847
"14-02 21";0,4758785;-1,033342;-0,4828767;0,5291409;-0,9923714;-0,2884243;-0,1323992;-0,4224795;1,396874;1,146923
"14-02 22";0,1947707;-0,6098248;-0,2232328;0,3867442;-1,128141;-0,2884243;0,2526975;-0,2811868;1,275358;1,235294
"14-02 23";0,08998785;-0,1517531;0,07150173;0,6184052;-1,124884;-0,2884243;0,7195055;-0,09372949;1,165594;1,389143
"15-02 00";0,2111314;-0,1449298;-0,0004815942;0,6529589;-1,371897;-0,2884243;0,3834651;0,03821955;0,9758469;1,455826
"15-02 01";0,7238663;-0,5444247;-0,1619904;0,4333713;-1,843486;-0,2884243;0,1474469;0,141248;0,9304609;1,40769
"15-02 02";1,212585;-0,8860676;-0,3860707;0,3521087;-1,837798;-0,2884243;-0,4143114;0,368439;0,8250817;1,321745
"15-02 03";1,302436;-0,8953444;-0,3618306;0,3128559;-1,921754;-0,2884243;-0,3909854;0,5503151;0,8261867;1,34768
"15-02 04";1,374091;-0,8827854;-0,316808;0,1815953;-2,043953;-0,2884243;-0,3119279;0,6709874;0,7761124;1,35028
"15-02 05";1,312945;-0,8776987;-0,3299265;0,09354416;-2,202166;-0,2884243;-0,5391031;0,7130767;0,6820313;1,276345
"15-02 06";1,346523;-0,1575443;0,01949819;0,1910818;-2,044508;-0,2884243;-0,0845682;0,6018015;0,5448019;1,256197
"15-02 07";1,350408;0,09502397;0,2293769;-0,2249892;-1,667999;-0,2884243;0,1908947;0,3553054;0,3828339;1,159174
"15-02 08";1,098473;0,2181334;0,2818909;-0,3678035;-0,7068864;-0,2884243;0,2660085;-0,03475469;0,2089919;1,079011
"15-02 09";0,6036454;-0,8403402;-0,3359322;0,1878396;-0,2919341;-0,2884243;-0,5643148;-0,4151491;0,3289295;1,244804
"15-02 10";0,2935256;-0,8011284;-0,2756616;0,8240774;-0,2279154;-0,2884243;-0,4821468;-0,4242315;0,4344548;0,864718
"15-02 11";0,02507382;-1,05306;-0,508862;-1,904003;-0,3239148;-0,2884243;-0,7931625;-0,2691948;0,4987804;0,615074
"15-02 12";-0,2416273;0,4831003;0,4391599;-1,045052;-0,3054435;-0,2884243;0,4680174;-0,3091784;0,5753356;0,397881
"15-02 13";-0,2752967;0,4414207;0,4026862;-0,2292115;0,1943761;-0,2884243;0,4316763;-0,5144189;0,4893729;0,3991187
"15-02 14";0,07316981;0,4141383;0,2927406;0,1129525;1,965367;-0,2884243;0,5351268;-0,5898084;0,3564618;0,550811
"15-02 15";0,3746082;0,1295375;0,2544888;0,02844984;0,7497633;-0,2884243;0,5000361;-0,7538995;0,5088503;0,2614996
"15-02 16";1,02201;-0,5665662;-0,1449505;0,1618848;0,6606634;-0,2884243;-0,0780761;-0,6979303;0,6283796;0,03794502
"15-02 17";1,91526;-0,5888446;-0,2462409;0,3667192;-0,02778384;-0,2884243;0,0169851;-0,5005859;0,9843495;0,05758164
"15-02 18";2,019783;-0,4499992;-0,1132935;0,5155594;-0,3076635;-0,2884243;0,2047309;-0,4124;1,279091;0,2627211
"15-02 19";2,182675;-0,7519697;-0,3248008;0,5040019;-0,2175197;-0,2884243;-0,09773248;-0,496769;1,387701;0,3838429
"15-02 20";2,265368;-1,054792;-0,55035;0,3819506;-0,4623228;-0,2884243;-0,4378379;-0,5256922;1,333484;0,6414965
"15-02 21";2,273222;-1,358272;-0,7550163;0,2030777;-0,1810776;-0,2884243;-0,5621034;-0,5181588;1,312863;0,8442183
"15-02 22";2,091025;-1,246643;-0,7293639;0,4289284;-0,7230698;-0,2884243;-0,5214356;-0,4047266;1,304743;0,954058
"15-02 23";1,843612;-0,8499272;-0,4253921;0,4181233;-0,6173611;-0,2884243;-0,06185277;-0,2783036;1,308104;1,15251
"16-02 00";1,838908;-0,210624;-0,01979787;0,3530866;-0,8460344;-0,2884243;0,3377574;-0,1430016;1,238;1,171535
"16-02 01";2,156139;-0,1460838;-0,03669493;0,4200274;-1,354087;-0,2884243;0,312008;-0,04692303;1,270197;1,326815
"16-02 02";2,798803;-0,139457;0,02863385;0,2915002;-1,169978;-0,2884243;0,1734022;0,06308054;1,129514;1,397624
"16-02 03";3,19597;-0,1354995;-0,04986;0,3331857;-1,035055;-0,2884243;0,06463603;0,09542435;0,9793589;1,298444
"16-02 04";3,369594;-0,1342881;0,05431399;0,23758;-0,7811435;-0,2884243;0,1801679;0,09281477;0,9591548;1,352233
"16-02 05";3,392415;-0,1429655;0,03172971;0,2040297;-0,5471866;-0,2884243;-0,05353562;-0,006119865;0,928784;1,372363
"16-02 06";3,4348;0,1536022;0,2389086;0,03978055;-0,4259057;-0,2884243;0,2133633;-0,2101291;0,8434694;1,296697
"16-02 07";3,316767;0,1947231;0,1824177;-0,279802;-0,2202974;-0,2884243;0,1511532;-0,5137885;0,7793275;1,193812
"16-02 08";3,012682;-0,0250525;0,2182214;-0,371954;1,072695;-0,2884243;0,2148419;-1,020721;0,5746031;1,062896
"16-02 09";2,743145;-0,421468;-0,1347841;0,04684103;1,6203;-0,2884243;-0,3050542;-1,089308;0,4934158;0,971662
"16-02 10";2,441634;-2,784396;-0,8779896;0,2034366;1,64403;-0,3648594;-2,288482;-0,6995229;0,8170568;0,5957236
"16-02 11";3,342816;-5,322055;-3,337538;-1,513009;1,541152;-0,3293173;-4,873671;0,7130015;0,8344614;-13,50053
"16-02 12";3,161891;-1,06799;-0,9019647;3,788515;1,19981;0,5268743;-1,350411;1,407957;0,8063182;0,397412
"16-02 13";1,920721;0,7812674;0,963407;5,399048;-0,332448;0,6204283;1,209908;1,375935;0,760419;0,5836577
"16-02 14";1,909839;0,7767417;0,6359965;5,399052;-0,5864779;0,2771427;1,024868;1,257044;0,7765225;0,1506235
"16-02 15";2,261536;0,7812331;0,1899458;5,398821;-0,592548;-0,2464769;0,3947982;1,212988;0,9984095;-0,2111433
"16-02 16";2,570022;0,7883766;0,1710638;5,398747;-0,8481507;-0,2464769;0,3870116;1,130357;1,042036;-0,3946577
"16-02 17";2,904865;0,779421;0,1850211;5,398542;-1,187523;-0,2464769;0,6569222;1,049674;1,103908;-0,4528834
"16-02 18";2,873521;0,3746872;0,01556517;5,398616;-1,458516;-0,2464769;0,4069518;0,9764655;1,127443;0,6884513
"16-02 19";2,800039;-0,6762602;-0,5540426;5,398784;-1,464171;-0,2464769;-0,4524083;1,016614;1,446065;1,681248
"16-02 20";2,746625;-0,6824982;-0,5761916;5,399176;-1,57042;-0,2464769;-0,4873063;1,13367;1,421661;1,423289
"16-02 21";2,700968;-0,7277238;-0,5621095;5,399521;-1,829193;-0,2464769;-0,2510956;1,30988;1,360024;1,275358
"16-02 22";2,262544;-0,8829719;-0,586799;0,8779826;-0,5735869;-0,2464769;-0,3100684;1,478871;1,274227;1,177474
"16-02 23";1,539596;-0,8855749;-0,6010876;0,5761372;-0,9046264;-0,2464769;-0,3242985;1,60458;1,146197;1,133748
"17-02 00";1,14494;-0,8911489;-0,6176453;0,4837136;-0,8608665;-0,2464769;-0,5429794;1,78192;0,9902169;1,096885
"17-02 01";1,100864;-0,877421;-0,5975284;0,7764962;-1,036739;-0,2464769;-0,5080068;1,981445;0,9898149;0,9046341
"17-02 02";1,518217;-0,8745736;-0,5846654;0,7397504;-1,603216;-0,2464769;-0,6911899;2,188979;0,6653329;0,7522011
"17-02 03";1,919046;-0,8904145;-0,5497506;0,3077264;-1,664167;-0,2464769;-0,6424372;2,35253;0,3917119;0,8118265
"17-02 04";1,612693;-0,8899379;-0,675851;0,2370122;-1,389764;-0,2464769;-0,8149617;2,468621;0,3378842;0,8222651
"17-02 05";1,591371;-0,7390376;-0,5275695;1,029722;-2,104025;-0,2464769;-0,8365765;2,609752;0,33956;0,7369981
"17-02 06";2,050187;-0,6977762;-0,5399169;2,78066;-2,254391;-0,2464769;-0,8263278;2,746179;0,3457265;0,7790619
"17-02 07";2,234172;0,2821573;-0,2325522;2,838288;-2,25506;-0,2464769;-0,4222767;2,78735;0,2331934;0,8474869
"17-02 08";2,162867;1,145537;1,631621;1,484847;-1,914461;4,128754;2,056279;2,589956;0,09314626;1,149969
"17-02 09";2,070789;1,124366;2,28375;1,912856;-1,86254;4,602944;2,360428;2,505286;0,2226878;1,148522
"17-02 10";1,847481;1,468493;1,805063;3,206631;-1,941644;4,605398;1,937995;2,107358;0,2696975;1,278256
"17-02 11";1,3919;1,516365;1,851649;3,220268;-1,959301;3,910312;2,046033;1,965826;0,1922797;0,9157267
"17-02 12";0,9287936;1,691596;2,324684;2,432784;-1,313845;3,878316;2,743724;2,297415;0,03161941;0,7096968
"17-02 13";0,7881913;2,402611;2,864097;4,343108;-0,9150972;4,539109;1,111825;3,067708;-0,6497903;0,5146861
"17-02 14";-0,2440314;2,439137;3,051003;4,402855;-0,6011097;4,605398;1,294704;4,138581;-0,06836381;0,3659812
"17-02 15";-0,403586;2,329465;3,271184;5,198023;-0,6749772;4,605398;1,465054;4,625326;0,1699809;0,5009136
"17-02 16";-1,139139;2,269697;3,468162;5,024808;-1,111128;4,50679;1,514232;5,480781;-0,1786781;0,5920821
"17-02 17";-1,952594;2,253095;1,05679;3,405968;-1,227526;-0,3163886;1,655751;5,331981;-0,4835763;0,3729075
"17-02 18";-2,512971;2,24795;1,521429;2,156948;-0,9459268;1,355572;1,637788;4,523576;-1,349372;1,127649
"17-02 19";-2,71134;2,929446;3,844555;1,496453;-1,092811;4,605398;1,855032;3,940478;-2,032626;1,224746
"17-02 20";-2,250682;3,655792;6,223176;2,188659;-1,855858;4,026083;4,075411;3,535367;-2,508511;-0,6907455
"17-02 21";-2,299512;3,907546;3,706887;2,103558;-2,096729;0,4536342;3,360539;2,921976;-2,772177;-1,099938
"17-02 22";-2,379363;3,86493;1,249287;2,76998;-2,280138;-0,3303713;2,451136;2,636163;-2,779918;-1,489525
"17-02 23";-2,438753;3,683247;1,150637;2,296983;-2,292371;-0,3303713;2,406111;2,540143;-2,917525;-2,102843
"18-02 00";-2,428545;2,336007;0,6635531;0,1980663;-1,27737;-0,3303713;1,363586;2,960615;-3,079052;-2,306807
"18-02 01";-2,340383;2,104881;0,5159063;-0,1130946;-1,054531;-0,3303713;1,11413;3,53657;-3,148948;-2,059084
"18-02 02";-2,176051;2,328878;0,5591121;-0,1275338;-0,6690608;-0,3303713;0,9538549;3,865232;-3,218187;-2,027623
"18-02 03";-2,072743;3,224203;1,062807;-0,1207505;-0,8293756;-0,3303713;1,63654;3,835327;-3,246006;-1,881909
"18-02 04";-1,969032;2,880139;0,8672836;-0,1015617;-1,067887;-0,3303713;1,201564;3,752757;-3,190849;-2,283736
"18-02 05";-2,00635;3,003324;1,338385;-0,1546712;-0,5929769;-0,3303713;1,315062;3,586819;-3,137294;-2,027323
"18-02 06";-2,093271;2,116379;1,100012;-0,3291085;-0,5699942;-0,3303713;0,936769;3,425081;-3,143333;-2,429371
"18-02 07";-2,18007;2,075655;0,8041644;-0,4672928;-0,4925233;-0,3303713;0,8475816;3,171584;-3,097994;-2,194309
"18-02 08";-2,251688;2,083308;0,766174;-0,643259;-0,4208902;-0,3303713;0,7555363;2,868973;-3,099119;-2,298005
"18-02 09";-2,347199;2,06411;0,7947789;-0,7092654;-0,5597164;-0,3303713;0,784401;2,562781;-3,091222;-2,425754
"18-02 10";-2,384757;2,071198;0,5738303;-0,7869307;-0,5298413;-0,3303713;0,6661388;2,284338;-3,077767;-2,704413
"18-02 11";-2,482067;2,086827;0,7184882;-0,9028553;-0,1435916;-0,3303713;0,8460436;2,162913;-3,094336;-3,28898
"18-02 12";-2,537276;2,335422;0,6223652;-1,12296;0,153662;-0,3303713;0,58153;2,126207;-3,126355;-2,956116
"18-02 13";-2,49694;2,428524;0,8842058;-1,153177;0,7572563;-0,3303713;0,9670775;2,060154;-3,155268;-2,849864
"18-02 14";-2,329701;2,429642;0,6711277;-0,9877184;1,00355;-0,3303713;1,105955;2,008568;-3,030655;-2,413303
"18-02 15";-2,03775;2,438302;0,8043891;-0,7978449;1,003493;-0,3303713;1,140147;2,000038;-2,835907;-2,309745
"18-02 16";-1,648142;2,269172;0,8137268;-0,5454018;1,186554;-0,3303713;1,101624;1,985586;-2,685362;-1,979713
"18-02 17";-1,327147;2,077774;1,372944;-0,4758373;1,42715;-0,3303713;1,322084;1,890691;-2,426295;-1,665806
"18-02 18";-1,115968;2,077762;1,982134;-0,5257748;1,125303;-0,3303713;1,556698;1,827;-2,183331;-1,512489
"18-02 19";-0,9737097;1,70815;1,760293;-0,5213197;0,7080947;-0,3303713;1,307824;1,819146;-1,946586;-1,487795
"18-02 20";-0,884631;1,524027;5,485164;-0,4475237;0,07160094;-0,3303713;3,325796;1,97697;-1,813217;-0,9127499
"18-02 21";-0,8536094;1,529446;6,058203;-0,5020072;-0,2149137;-0,3303713;3,855624;2,201145;-1,810361;-1,082977
"18-02 22";-0,8317981;1,525619;6,315898;-0,4995116;-0,1815423;-0,3303713;4,097466;2,26244;-1,887739;-1,000744
"18-02 23";-0,798636;1,524575;4,154381;-0,7627832;-0,123676;-0,3303713;2,585492;2,285611;-1,988008;-0,8617859
"19-02 00";-0,6169279;1,527295;4,110814;-0,715127;0,09734354;-0,3303713;2,440182;2,281739;-2,20436;-0,7307035
"19-02 01";-0,3508032;1,527601;3,694556;-0,7232186;-0,9473032;-0,3303713;2,203881;2,372577;-2,157399;-0,799858
"19-02 02";-0,2778986;1,526698;3,870003;-0,5975335;-0,492988;-0,3303713;2,114225;2,34261;-2,04988;-1,11981
"19-02 03";-0,2514186;1,52442;3,96222;-0,8055432;-0,5398795;-0,3303713;2,150898;2,26509;-1,949549;-1,193817
"19-02 04";-0,2585596;1,521143;4,30839;-0,7591708;-0,7251218;-0,3303713;2,656606;2,173624;-1,920514;-1,241269
"19-02 05";-0,3537068;1,51371;3,504258;-0,7905288;-0,461018;-0,3303713;2,083178;2,043169;-1,887824;-1,380354
"19-02 06";-0,4750583;1,5197;3,081085;-0,9303198;-0,2580587;-0,3303713;1,728575;1,877976;-1,869379;-1,605637
"19-02 07";-0,5718117;1,524183;2,916321;-0,7644656;-0,3577795;-0,3303713;1,666511;1,667877;-1,813535;-1,607278
"19-02 08";-0,6189803;1,510803;0,9901051;-0,9295877;-0,06727178;-0,3303713;0,6287475;1,343908;-1,788723;-1,021216
"19-02 09";-0,7583607;1,523099;1,718667;-1,143417;-0,2599391;-0,3303713;1,192039;1,00429;-1,646479;-1,066625
"19-02 10";-0,7961819;1,510938;2,077135;-1,237807;-0,3854454;-0,3303713;1,02283;0,719896;-1,682637;-1,777308
"19-02 11";-0,9485065;1,523521;0,4770209;-1,184107;0,03402198;-0,3303713;0,3968317;0,4947459;-1,63921;-1,671576
"19-02 12";-1,521262;1,517256;0,3832871;-1,250897;0,6564737;-0,3303713;0,4158009;0,3298132;-1,694112;-1,368595
"19-02 13";-1,850671;1,516649;0,3508522;-1,38863;1,489195;-0,3303713;0,356357;0,1203345;-1,68389;-1,223004
"19-02 14";-1,575348;1,525266;0,4321107;-1,100608;2,185193;-0,3303713;0,7332134;-0,1333427;-1,693789;-1,438897
"19-02 15";-1,440104;1,350997;0,3603825;-0,9408948;2,172273;-0,3303713;0,6478327;-0,3677755;-1,698001;-1,322693
"19-02 16";-1,202764;1,5072;0,3831667;-0,7067285;1,772725;-0,3303713;0,6822494;-0,2232845;-1,609444;-0,9676204
"19-02 17";-0,9993989;1,524517;0,4049442;-0,7377623;1,47446;-0,3303713;0,9659881;-0,1234614;-1,109225;-0,7007877
"19-02 18";-0,5413547;1,527438;0,3810021;-0,5924074;1,043682;-0,3303713;0,9390866;-0,1003772;-0,8657423;-0,5587418
"19-02 19";-0,3157499;1,532981;0,3797959;-0,6647522;0,9322459;-0,3303713;0,9557169;-0,06564707;-0,8714709;-0,5981464
"19-02 20";-0,2258303;1,22555;0,2999904;-0,6571954;0,4469867;-0,3303713;0,7913969;0,02819478;-0,8049465;-0,4132814
"19-02 21";-0,08760433;0,9635693;0,2196388;-0,2840288;0,009927397;-0,3303713;0,9342895;0,2511916;-0,8572357;-0,3789504
"19-02 22";-0,05085269;0,9767647;0,2320478;-0,3870895;0,09864479;-0,3303713;0,9781805;0,5172632;-0,9201594;-0,1993989
"19-02 23";0,02623779;0,9703393;0,1039388;-0,6538642;-0,2281085;-0,3303713;0,7873557;0,669369;-0,9346002;-0,320788
"20-02 00";0,1144741;0,9848147;0,07918211;-0,7469656;0,09456587;-0,3303713;0,4934729;0,7661833;-1,030957;-0,1578488
"20-02 01";0,2215643;0,9855328;0,1154262;-0,8369247;-0,03238827;-0,3303713;0,5451918;0,7741736;-1,013702;0,1004874
"20-02 02";0,301486;0,9815853;0,1356243;-0,7536578;-0,4720929;-0,3303713;0,3109599;0,765383;-1,028108;0,3324452
"20-02 03";0,2921902;0,9537483;0,1312573;-0,8269156;-0,09940623;-0,3303713;0,3176549;0,689413;-1,058943;0,376673
"20-02 04";0,2159016;0,9493911;0,154441;-0,809019;-0,3451424;-0,3303713;0,3422936;0,5780472;-1,066257;0,3977658
"20-02 05";-0,02541046;0,9614605;0,1317606;-0,9497198;-0,4433725;-0,3303713;0,06431928;0,3755467;-1,077645;0,3658314
"20-02 06";-0,2692903;0,9530635;0,2102087;-0,936232;-0,1658558;-0,3303713;0,1822764;0,0335235;-1,096776;0,2167111
"20-02 07";-0,600984;0,4871906;0,01212199;-0,867609;-0,414652;-0,3303713;-0,09254505;-0,4404054;-1,150826;0,07658043
"20-02 08";-1,05604;-0,06137539;-0,3366669;-0,8578641;0,05039128;-0,3303713;-0,5602718;-0,6089053;-1,291534;-0,2412587
"20-02 09";-1,659149;0,8526286;0,01455922;-1,123122;0,2437843;-0,3303713;-0,0942603;-0,9121767;-1,279245;-0,3784909
"20-02 10";-2,02527;0,4253496;-0,2451941;-1,092229;0,1948551;-0,3303713;-0,4391879;-1,098657;-1,265996;-0,9216763
"20-02 11";-1,676995;0,07177182;-0,3263689;-0,9665961;0,4953689;-0,3303713;-0,5451911;-0,958132;-1,319971;-1,350818
"20-02 12";-1,536452;0,2518858;-0,2731591;-1,043765;0,5786703;-0,3303713;-0,4771898;-0,5169674;-1,456634;-1,524818
"20-02 13";-1,434565;0,9257265;-0,1103241;-1,032612;0,7954501;-0,3303713;-0,2567973;-0,1867102;-1,524445;-1,259872
"20-02 14";-1,337611;0,9806052;0,0391254;-0,8924462;1,978194;-0,3303713;0,1892411;0,09549762;-1,427801;-0,7981037
"20-02 15";-0,4697768;0,9797994;-0,09060234;-0,6793054;1,389814;-0,3303713;-0,001968936;0,5458447;-1,122306;-0,7249686
"20-02 16";0,136326;0,9809642;-0,04841447;-0,6151218;1,291877;-0,3303713;0,04195322;0,9776578;-0,9074678;-0,7899963
"20-02 17";0,4967014;0,9766603;-0,04617903;-0,5545868;0,9361853;-0,3303713;0,2841084;1,432679;-0,6473469;-0,7787651
"20-02 18";0,6152121;1,749473;0,2851191;-0,3721842;0,4289407;-0,3303713;0,7943442;1,853284;-0,5142426;-0,744741
"20-02 19";0,7482685;2,778001;0,8022552;-0,1428955;0,8184865;-0,3303713;1,5579;1,96809;-0,4275407;-0,660222
"20-02 20";0,9028258;2,613866;0,7573316;0,5539984;-0,1060626;-0,3303713;1,489302;1,902307;-0,4192934;-0,485118
"20-02 21";0,8794082;2,210047;0,1873221;0,8439997;-1,035702;-0,9777421;0,8881783;1,829082;-0,4693429;-0,9680849
"20-02 22";0,614218;2,062321;1,581609;0,7636701;-1,184999;-1,127365;1,539676;1,663403;-0,6018896;-1,326143
"20-02 23";0,2351206;1,718922;2,821002;0,4460328;-1,079137;-1,19246;2,085184;1,487417;-0,7927418;-1,527106
"21-02 00";-0,1148219;1,502513;2,698751;0,2037288;-0,6754526;-1,295153;1,130479;1,283361;-1,094296;-1,903164
"21-02 01";-0,3337215;1,529335;2,450902;-0,1780892;-0,5933452;-1,295153;1,707743;1,110327;-1,231631;-1,863051
"21-02 02";-0,4279048;1,554712;1,785195;-0,7342123;-0,4933062;-1,295153;0,8948557;1,038043;-1,350795;-1,75931
"21-02 03";-0,1275184;1,553501;2,116769;-0,7710409;-0,615899;-1,295153;1,482226;1,031818;-1,427298;-1,595991
"21-02 04";0,09272707;1,544783;2,051834;-0,7135143;-0,6690251;-1,295153;1,209433;1,041408;-1,478393;-1,736098
"21-02 05";0,1106964;1,519685;1,822725;-0,9418367;-0,6193666;-1,295153;1,038469;0,8930573;-1,537122;-1,819916
"21-02 06";0,05822715;1,511338;2,409013;-0,9758705;-0,6259729;-1,295153;1,194113;0,5820117;-1,537431;-1,967057
"21-02 07";0,1625685;1,516272;2,535125;-0,8923481;-0,5317968;-1,295153;1,298671;0,167335;-1,584462;-1,885222
"21-02 08";-0,1271015;1,519894;1,706015;-1,034512;-0,6916932;-1,295153;0,6874107;-0,2816449;-1,583264;-1,609184
"21-02 09";-1,387791;0,6990192;-0,554121;-1,229269;0,3074812;-1,295153;-0,8586534;-1,034269;-1,501935;-2,367225
"21-02 10";-1,751911;-0,207124;-0,9384519;-1,153413;0,2924167;-1,295153;-1,368512;-1,102635;-1,559513;-2,800529
"21-02 11";-1,381977;-0,0848046;-0,5735214;-1,127988;0,8884823;-1,295153;-0,8937482;-1,07531;-1,488758;-2,635507
"21-02 12";-1,340296;1,069474;-0,3388379;-1,04291;0,9040974;-1,295153;-0,567709;-1,067563;-1,599107;-1,913521
"21-02 13";-1,441539;1,390181;0,3138914;-0,9549366;0,6122169;-0,3186533;0,3089305;-1,044267;-1,558659;-1,282241
"21-02 14";-0,6430291;0,7075972;1,299919;-0,9419104;0,790767;1,808928;1,989404;-0,8789757;-1,433082;-0,5157304
"21-02 15";-0,6394927;0,3730111;1,069215;-0,7438396;1,819756;1,808928;1,661941;-0,6384979;-1,271591;-0,6429864
"21-02 16";-0,2755674;0,4623748;1,056195;-0,6722847;1,200775;1,808928;1,506139;-0,4624297;-1,001189;-0,4731226
"21-02 17";-0,02755897;0,608586;1,22353;-0,6933305;1,273131;1,808928;2,003252;-0,3726843;-0,5879531;-0,3918699
"21-02 18";-0,08995609;0,9458225;1,44995;-0,4923597;0,6665047;1,808928;2,527558;-0,3084313;-0,3637534;-0,1796846
"21-02 19";-0,2050289;0,4966354;0,8456888;-0,6243079;0,9754373;1,808928;1,622158;-0,5183598;-0,3092702;-0,07272208
"21-02 20";-0,2646884;0,4912782;0,7253783;-0,5341191;0,6586758;1,808928;1,449169;-0,4186458;-0,3355967;0,05928609
"21-02 21";-0,1763099;0,8521363;0,9368631;-0,4626141;0,1793902;1,808928;1,712001;-0,3016212;-0,393517;0,2145237
"21-02 22";-0,1260789;1,027918;0,9915664;-0,473021;0,1528433;1,808928;2,146121;-0,3232359;-0,5241259;0,2364042
"21-02 23";-0,004563784;1,194983;1,155783;-0,407147;0,001959025;1,808928;2,408464;-0,3379937;-0,466848;0,5525367
"22-02 00";0,1093403;1,001394;1,089857;-0,4734261;-0,1674252;1,808928;1,992077;-0,4511831;-0,5265194;0,642812
"22-02 01";0,1976354;0,4819843;0,7698616;-0,6029288;0,2357551;1,808928;1,513201;-0,5583922;-0,4548725;0,6590866
"22-02 02";0,3285941;0,3269182;0,6198635;-0,6556737;-0,3652224;1,808928;0,9043169;-0,4963657;-0,4844243;0,5971419
"22-02 03";0,435627;0,2930483;0,7106507;-0,520764;-0,683278;1,808928;0,9804672;-0,4484029;-0,4393475;0,640345
"22-02 04";0,4312443;0,1734624;0,7090026;-0,6072869;-0,6338448;1,808928;1,135967;-0,4583254;-0,4764724;0,6357169
"22-02 05";0,3271109;-0,1409222;0,4561661;-0,7980043;-0,7837317;1,808928;0,5175756;-0,5115492;-0,5534184;0,6048093
"22-02 06";0,2585303;-0,3365075;0,2886587;-0,7787122;-1,162102;1,808928;0,2773854;-0,5001487;-0,6301767;0,3848934
"22-02 07";0,07566926;-0,8070872;0,03852641;-0,8528589;-0,8029609;1,808928;-0,03028312;-0,5765243;-0,7418779;0,2153443
"22-02 08";-0,1486827;-0,4907461;0,1437806;-0,8939397;-0,8745726;1,808928;0,09499452;-1,025875;-0,9239507;0,1022315
"22-02 09";-0,4555297;-0,849645;-0,1036106;-0,619352;-0,6132107;1,808928;-0,2484892;-1,071456;-0,9457613;-0,251643
"22-02 10";-1,02015;-0,03326106;0,4079069;-0,8786458;-0,3098942;1,808928;0,4477235;-1,066909;-1,047728;-0,2995101
"22-02 11";-1,671639;-0,1868854;0,3728019;-1,040982;-0,1232685;1,808928;0,3878071;-0,8856786;-1,078839;-0,5028372
"22-02 12";-1,568855;-0,1236808;0,336883;-0,7330787;-0,08856725;1,808928;0,1663234;-0,5350812;-1,131232;-0,862175
"22-02 13";-1,108656;0,5064293;0,8580418;-0,6147196;-0,184749;1,808928;1,064987;-0,2566711;-1,272289;-0,7873818
"22-02 14";-0,9628592;1,030501;1,328073;-0,6125758;-0,02204976;1,808928;2,003315;-0,183661;-1,201249;-0,4461634
"22-02 15";-0,7360031;0,9044793;1,286836;-0,6336536;0,8916211;1,808928;1,964789;-0,393811;-1,066009;-0,4084772
"22-02 16";-0,3239072;0,5141862;1,034658;-0,4829202;0,7281783;1,808928;1,599909;-0,4989401;-0,8791277;-0,474879
"22-02 17";-0,316917;0,2617908;0,81014;-0,3804898;0,4596274;1,808928;1,575666;-0,5173248;-0,4462889;-0,4194574
"22-02 18";-0,4048254;0,3474635;0,9067184;-0,3555079;0,3937534;1,808928;1,727242;-0,4100291;-0,122113;-0,3427182
"22-02 19";-0,3948221;0,2045649;0,7641009;-0,4338219;0,5286509;1,808928;1,512405;-0,4597694;-0,01953768;-0,1978935
"22-02 20";-0,360246;0,2309792;0,7716417;-0,3063435;0,2486175;1,808928;1,518154;-0,446217;-0,02130517;-0,04336917
"22-02 21";-0,2258573;0,3008919;0,2795167;-0,3950764;0,1666995;0,4007172;1,034598;-0,4017999;-0,07358593;-0,1741956
"22-02 22";-0,1921545;0,4706642;0,02291211;-0,2322485;-0,3135549;-0,3163886;0,6676558;-0,346664;-0,0711571;0,07886904
"22-02 23";-0,2731315;0,4525411;-0,0423274;-0,1098839;-0,36652;-0,3163886;0,5313687;-0,396381;-0,1760802;0,1333901
"23-02 00";-0,1133467;0,2853741;-0,03698298;-0,2585599;-0,711616;-0,3163886;0,2998356;-0,4668033;-0,2044312;0,2313021
"23-02 01";-0,0865277;-0,3200267;-0,3991885;-0,3430308;-0,8425453;-0,3163886;-0,2149554;-0,5970535;-0,1924846;0,2736683
"23-02 02";-0,2676285;-0,9666049;-0,8249087;-0,488599;-0,5328156;-0,3163886;-1,029649;-0,6239981;-0,2418669;0,19752
"23-02 03";-0,6513674;-0,6684541;-0,6881782;-0,5178202;-1,083802;-0,3163886;-0,8351132;-0,3739721;-0,2996995;0,2244273
"23-02 04";-1,10137;-0,4015107;-0,5307796;-0,6096216;-1,183559;-0,3163886;-0,6271427;-0,3182115;-0,3319919;0,313746
"23-02 05";-1,034467;-0,09418975;-0,3154176;-0,5820704;-1,415535;-0,3163886;-0,5338468;-0,3001513;-0,434232;0,2381019
"23-02 06";-0,6459708;-0,1454867;-0,3173668;-0,7278235;-1,161123;-0,3163886;-0,5322874;-0,3820298;-0,6433357;0,1263325
"23-02 07";-0,5327098;0,1104059;-0,1652674;-0,8658294;-1,17997;-0,3163886;-0,3339359;-0,3150457;-0,7700288;0,01815579
"23-02 08";-0,7233248;1,009893;0,1626708;-0,7086869;-1,091041;-0,3163886;0,09207356;-0,4827014;-0,922842;-0,04307345
"23-02 09";-0,458669;0,1825042;-0,08811335;-0,9651894;-1,28116;-0,3163886;-0,2128556;-1,101995;-0,8889022;-0,1316817
"23-02 10";-0,2956471;-0,721854;-0,6389361;-0,7109811;-0,817246;-0,3163886;-0,9771113;-1,01286;-0,8783156;-0,3493913
"23-02 11";-0,614939;-0,4346511;-0,5348711;-0,7023734;-0,8089166;-0,3163886;-0,8217332;-0,5729677;-0,8782411;-0,4217975
"23-02 12";-1,144964;0,6076691;0,06656239;-0,7446121;-0,6498495;-0,3163886;-0,03552311;-0,1551334;-0,8721728;-0,4102923
"23-02 13";-1,264889;1,425408;0,3020121;-0,6253524;-0,4903033;-0,3163886;0,2517596;-0,1339845;-0,8999567;-0,4062333
"23-02 14";-0,7843063;1,407283;0,5190873;-0,2436292;-0,7857015;-0,3163886;0,7936252;-0,3243988;-0,8738245;-0,6805624
"23-02 15";-0,2594584;1,170893;0,346537;-0,1530877;-1,0151;-0,3163886;0,4809972;-0,4562633;-0,8828033;-0,8532112
"23-02 16";-0,248542;1,055355;0,2331422;-0,2320887;-0,204139;-0,3163886;0,4692376;-0,4632684;-0,868036;-0,9001402
"23-02 17";-0,1232809;0,7597483;0,111096;0,0438606;-0,5818985;-0,3163886;0,5428649;-0,4886668;-0,5830235;-0,9349005
"23-02 18";0,02813381;0,7918327;0,1630279;0,2571;-0,2842338;-0,3163886;0,6132547;-0,4317375;-0,3963891;-0,8325191
"23-02 19";0,1051703;0,6893021;0,1333611;0,2358184;-0,2392799;-0,3163886;0,5587388;-0,4563265;-0,2030048;-0,4967031
"23-02 20";0,05451451;0,3770463;-0,02583018;0,2308002;-0,3861711;-0,3163886;0,3201305;-0,4992746;-0,1427959;-0,6030725
"23-02 21";0,113831;0,5611824;0,08687074;0,03333895;-0,7770431;-0,3163886;0,7397504;-0,3777204;-0,1341808;-0,3995888
"23-02 22";0,09053252;0,4674998;0,06907088;-0,1040108;-0,9002472;-0,3163886;0,7047188;-0,4369314;-0,174951;-0,4738845
"23-02 23";0,06574136;0,1883646;-0,04625554;-0,164953;-1,181285;-0,3163886;0,5379115;-0,4962564;-0,3416857;-0,6314622
"24-02 00";-0,2997345;0,07260694;-0,1155537;-0,3722655;-0,8899587;-0,3163886;0,2058119;-0,4465517;-0,6245207;-0,5406637
"24-02 01";-0,4607929;0,6143813;0,1377746;-0,4358353;-1,335222;-0,3163886;0,572762;-0,2621672;-0,6500751;-0,4867336
"24-02 02";-0,6741268;0,7826888;0,1901318;-0,4067377;-1,398487;-0,3163886;0,4195565;-0,3242857;-0,7719935;-0,4120599
"24-02 03";-0,4427029;0,258271;0,004672664;-0,5652177;-1,123894;-0,3163886;0,1342631;-0,5458335;-0,891838;-0,5486292
"24-02 04";-0,3938146;-0,2465973;-0,3463911;-0,7574923;-1,154867;-0,3163886;-0,3629144;-0,5837094;-0,9681;-0,6222239
"24-02 05";-0,5060568;-0,5435652;-0,5625744;-0,8004679;-1,098037;-0,3163886;-0,8692685;-0,5234575;-1,026197;-0,7194421
"24-02 06";-0,5549349;-0,4240966;-0,5606268;-0,7791934;-1,411074;-0,3163886;-0,8533054;-0,4196012;-1,048514;-0,6160551
"24-02 07";-0,7136629;-0,4969579;-0,5456887;-0,9775074;-1,206138;-0,3163886;-0,8460273;-0,4471832;-1,079967;-0,5296767
"24-02 08";-1,083025;0,1362858;-0,3137173;-0,9280087;-4,528523;-0,3163886;-0,5367138;-0,5884106;-1,248354;-0,4560396
"24-02 09";-1,366798;-0,4122147;-0,4285312;-1,062801;-0,3717572;-0,3163886;-0,6900845;-1,122463;-1,246641;-0,5498925
"24-02 10";-1,473742;-0,8856665;-0,7232929;-1,042693;-0,08181433;-0,3163886;-1,077818;-0,8398529;-1,251067;-0,7055522
"24-02 11";-1,790904;-0,9456553;-0,8098593;-1,001817;0,452828;-0,3163886;-1,201149;-0,5377856;-1,188915;-0,7469827
"24-02 12";-1,525469;-0,2165173;-0,3786024;-0,9348634;0,3769158;-0,3163886;-0,6211048;-0,2378471;-1,251653;-0,7077933
"24-02 13";-1,457815;0,6423709;0,1270568;-0,8254845;0,3581299;-0,3163886;0,0585752;-0,1169712;-1,178991;-0,995138
"24-02 14";-1,350583;0,8975883;0,1573054;-0,8351602;0,9009444;-0,3163886;0,3538039;-0,2342369;-1,106647;-0,9598573
"24-02 15";-0,919832;1,054502;0,2544194;-0,6148515;0,9680088;-0,3163886;0,5032071;-0,3100073;-1,030042;-1,024015
"24-02 16";-0,5270965;1,075238;0,2252751;-0,3579617;0,4246295;-0,3163886;0,4579212;-0,3965477;-0,992639;-0,9773931
"24-02 17";-0,3011677;0,8906475;0,2193346;-0,3678596;0,6541072;-0,3163886;0,6860927;-0,4667499;-0,7221606;-0,9685019
"24-02 18";-0,2470978;0,4838149;0,01206986;-0,3292753;0,4965772;-0,3163886;0,3708343;-0,5369334;-0,3988669;-0,9960101
"24-02 19";-0,1520023;0,3000554;-0,05644216;-0,2207322;0,6245645;-0,3163886;0,2924694;-0,5039344;-0,2293564;-1,046592
"24-02 20";0,02914216;0,1901062;-0,1531278;-0,2343465;0,4607785;-0,3163886;0,1506516;-0,453286;-0,182533;-0,9892314
"24-02 21";0,2106391;0,5244611;-0,1427844;-0,1135003;0,00313873;-0,6354868;0,3985781;-0,317752;-0,1499129;-0,6005356
"24-02 22";0,2284052;0,3826347;-0,2159672;-0,3428989;0,1197401;-0,7358593;0,2804912;-0,4522844;-0,1669166;-0,4233778
"24-02 23";0,2013575;-0,179773;-0,5238651;-0,3458511;-0,2131691;-0,7358593;-0,2036582;-0,5602992;-0,2236559;-0,5675737
"25-02 00";0,2042984;-0,2729244;-0,5657796;-0,4385093;-0,2803766;-0,7358593;-0,4747893;-0,4764947;-0,3913602;-0,6373637
"25-02 01";0,0827309;-0,115156;-0,4927785;-0,5398173;-0,3125039;-0,7358593;-0,3545483;-0,3744622;-0,3727775;-0,3694359
"25-02 02";-0,437242;-0,06141107;-0,4419501;-0,5272743;-0,5141441;-0,7358593;-0,4967335;-0,3787999;-0,4753013;-0,2941245
"25-02 03";-0,2827418;-0,04169183;-0,3654231;-0,5349121;-0,495973;-0,7358593;-0,389955;-0,4025557;-0,7404515;-0,385994
"25-02 04";-0,1894494;-0,5718986;-0,7528746;-0,7253536;-0,4640423;-0,7358593;-0,931051;-0,5567528;-0,7596397;-0,5764979
"25-02 05";-0,3572011;-0,7648774;-0,8727491;-0,8250648;-0,5848584;-0,7358593;-1,287221;-0,4925776;-0,808166;-0,5529152
"25-02 06";-0,4349529;-0,5669388;-0,7288209;-0,7410727;-0,8146293;-0,7358593;-1,094929;-0,3757313;-0,8595499;-0,5080003
"25-02 07";-0,5789177;-0,4959317;-0,7455745;-0,8919726;-0,5126319;-0,7358593;-1,115136;-0,3776228;-0,9168918;-0,5213698
"25-02 08";-0,9005613;-0,6975639;-0,7846873;-1,043691;-0,3650508;-0,7358593;-1,162138;-0,4689698;-1,036358;-0,6594131
"25-02 09";-1,212101;-1,004172;-0,9960697;-1,130566;-0,02014078;-0,7358593;-1,462789;-0,5059122;-1,064161;-0,908464
"25-02 10";-1,248414;-0,845229;-0,9060878;-0,9981917;-0,2058442;-0,7358593;-1,332057;-0,3743038;-1,092136;-1,047912
"25-02 11";-1,504937;-0,6539146;-0,8072276;-1,062089;0,3086144;-0,7358593;-1,197802;-0,3439767;-1,161352;-1,098548
"25-02 12";-1,615074;-0,3004489;-0,6175643;-0,9679868;0,3266246;-0,7358593;-0,9372826;-0,2736581;-1,090705;-1,1794
"25-02 13";-1,599874;0,06399505;-0,4349459;-0,9408077;0,4821204;-0,7358593;-0,6987996;-0,2659993;-1,056055;-1,137088
"25-02 14";-1,408485;0,4712026;-0,2169781;-0,8419517;0,5011387;-0,7358593;-0,1797196;-0,2477441;-1,051466;-0,9927253
"25-02 15";-1,270407;0,7200144;-0,2294402;-0,7921978;0,7650065;-0,7358593;-0,1955411;-0,2814101;-0,9782155;-0,9239577
"25-02 16";-1,00817;0,7722635;-0,1052538;-0,613159;0,8257292;-0,7358593;-0,01849959;-0,3340668;-0,9623027;-0,7803851
"25-02 17";-0,7023154;0,6887339;-0,09100705;-0,4724895;0,8267874;-0,7358593;0,2204664;-0,432054;-0,8280693;-0,7230366
"25-02 18";-0,395073;0,1929485;-0,3639003;-0,3641477;0,6775225;-0,7358593;-0,1748754;-0,572956;-0,6025853;-0,8509041
"25-02 19";-0,07069102;-0,4643856;-0,6702818;-0,3384308;0,3766834;-0,7358593;-0,6246574;-0,6247136;-0,4777937;-0,8568247
"25-02 20";0,1222249;-0,7767788;-0,8240624;-0,2808103;0,04448918;-0,7358593;-0,8464332;-0,5670943;-0,4329553;-0,8999339
"25-02 21";0,2216198;-0,8690462;-0,9070473;-0,2552903;-0,2452392;-0,7358593;-0,7894602;-0,46095;-0,1746282;-0,819016
"25-02 22";0,113353;-0,4528862;-0,7283562;-0,2603638;-0,4776804;-0,7358593;-0,5231364;-0,3019273;-0,372611;-0,5755855
"25-02 23";-0,4647636;-0,05279466;-0,4636968;-0,3511176;-0,6201531;-0,7358593;-0,1070477;-0,2539967;-0,1686932;-0,4191572
"26-02 00";-0,5508697;0,3742532;-0,2907906;-0,3325965;-0,8223938;-0,7358593;-0,07085522;-0,2529598;-0,2890603;-0,3945638
"26-02 01";-0,1856161;0,1593045;-0,3608258;-0,369735;-0,3635386;-0,7358593;-0,1494101;-0,432689;-0,3282222;-0,3813799
"26-02 02";0,1965095;-0,1545421;-0,5327514;-0,5579107;-0,4115812;-0,7358593;-0,6212853;-0,503778;-0,5655271;-0,5005229
"26-02 03";0,1078158;-0,33562;-0,5735921;-0,5597081;-0,5151057;-0,7358593;-0,6913464;-0,4797105;-0,6160452;-0,4147706
"26-02 04";-0,1557594;-0,4642126;-0,6914914;-0,6714982;-0,4878438;-0,7358593;-0,8396719;-0,4832971;-0,6316838;-0,2303814
"26-02 05";-0,3465014;-0,7303381;-0,8844417;-0,8421925;-0,3776593;-0,7358593;-1,306048;-0,5050972;-0,6250156;-0,3324575
"26-02 06";-0,4127223;-0,918294;-0,9587096;-0,8909448;-0,4584441;-0,7358593;-1,394598;-0,4840337;-0,6609566;-0,4347214
"26-02 07";-0,4045547;-0,8844801;-0,8933731;-0,8721262;-0,5727575;-0,7358593;-1,318865;-0,4195401;-0,6960353;-0,5259509
"26-02 08";-0,7779823;-1,169852;-0,9919583;-1,021463;-0,1093873;-0,7358593;-1,447848;-0,5061203;-0,772129;-0,5099646
"26-02 09";-1,066716;-1,354766;-1,14948;-1,021434;0,03744312;-0,7358593;-1,65551;-0,4802561;-0,7373127;-0,6256753
"26-02 10";-1,080444;-1,100498;-1,050558;-0,977641;-0,2380394;-0,7358593;-1,522806;-0,3324492;-0,7361614;-0,6095135
"26-02 11";-1,115061;-0,6674243;-0,7567941;-0,9754919;-0,1038283;-0,7358593;-1,130845;-0,2708938;-0,7535725;-0,7441177
"26-02 12";-1,288283;-0,3427744;-0,6474996;-0,9316846;0,1106063;-0,7358593;-0,9858605;-0,2702586;-0,7223892;-0,7884791
"26-02 13";-1,272096;0,01627168;-0,4285558;-0,7978445;0,2712142;-0,7358593;-0,6794842;-0,2620787;-0,6502358;-0,7940475
"26-02 14";-1,309774;0,1129162;-0,3464125;-0,8286325;0,7784051;-0,7358593;-0,3569383;-0,3305324;-0,6381589;-0,7875976
"26-02 15";-1,075144;0,1581911;-0,3593836;-0,6676615;0,5950361;-0,7358593;-0,3807286;-0,3689303;-0,615485;-0,6533075
"26-02 16";-0,9167299;0,09623308;-0,40036;-0,4783171;0,4286762;-0,7358593;-0,4346933;-0,4052481;-0,5554616;-0,7307035
"26-02 17";-0,7223832;0,4268636;-0,2962401;-0,3027564;0,508746;-0,7358593;-0,08319975;-0,3006362;-0,4332102;-0,6494833
"26-02 18";-0,5860691;0,6026158;-0,1474271;0,02831998;0,6450198;-0,7358593;0,1471563;-0,3206174;-0,2620275;-0,5218264
"26-02 19";-0,02628066;-0,1187969;-0,4934043;0,1778528;-0,2274543;-0,7358593;-0,3507622;-0,6296014;-0,1290409;-0,4311459
"26-02 20";0,4276063;-0,7842836;-0,9034318;0,03447863;-0,2499938;-0,7358593;-0,9693777;-0,6228163;-0,03846405;-0,3982097
"26-02 21";0,4490468;-0,7731541;-0,8855472;-0,03208783;-0,1407102;-0,7358593;-0,7755098;-0,4547948;0,1204806;-0,1423807
"26-02 22";0,1845697;-0,01991707;-0,4640392;0,08066785;-0,5713133;-0,7358593;-0,1054749;-0,2083011;0,23437;0,1858243
"26-02 23";-0,03907006;0,0979065;-0,3408847;0,04478547;-0,2385435;-0,7358593;0,07606694;-0,34276;0,2622499;0,3396621
"27-02 00";0,3762327;-0,1987655;-0,5187478;-0,1147841;-0,5286366;-0,7358593;-0,4042435;-0,4660915;0,1026345;0,3611088
"27-02 01";0,8500961;-0,0642814;-0,4873345;-0,1680181;-0,6551188;-0,7358593;-0,3502777;-0,3667713;0,06384283;0,3642555
"27-02 02";0,8434045;0,3310898;-0,2773499;-0,2433841;-0,859526;-0,7358593;-0,2688295;-0,2753401;-0,004280316;0,4230676
"27-02 03";0,4721405;0,4223564;-0,2364361;-0,07473508;-0,8033184;-0,7358593;-0,1944694;-0,3477266;-0,04974091;0,4655272
"27-02 04";0,7949734;-0,06041515;-0,4557471;-0,3537765;-0,407631;-0,7358593;-0,5129412;-0,556548;-0,101727;0,2517431
"27-02 05";0,8644671;-0,7912492;-0,8351484;-0,4326791;-0,4514481;-0,7358593;-1,238324;-0,6355469;-0,2073771;0,1034765
"27-02 06";0,6723451;-1,072506;-0,9607338;-0,6297166;-0,653932;-0,7358593;-1,40174;-0,554796;-0,2528519;0,0862151
"27-02 07";0,5471174;-0,99873;-1,032255;-0,5941593;-0,5958118;-0,7358593;-1,497632;-0,4204586;-0,2695222;0,03084773
"27-02 08";0,3444021;-0,4927109;-0,7999583;-0,7892992;-0,1813457;-0,7358593;-1,20067;-0,3856388;-0,3746845;0,1399602
"27-02 09";-0,2142644;-0,05422373;-0,3849469;-0,6970725;-0,09516645;-0,7358593;-0,6164327;-1,054606;-0,3328227;0,0007507611
"27-02 10";-0,757616;-0,7126577;-0,8530223;-0,9042099;0,3026516;-0,7358593;-1,261938;-1,074566;-0,3706996;-0,4435092
"27-02 11";-0,9207641;-0,3206446;-0,6429576;-0,9005021;1,048894;-0,7358593;-0,9711846;-1,092459;-0,4103537;-0,4209534
"27-02 12";-0,8294003;0,1880841;-0,3988742;-0,7946873;1,32059;-0,7358593;-0,6587378;-1,076351;-0,4786884;-0,4824688
"27-02 13";-0,6177774;0,6217827;-0,1646084;-0,2291876;1,279401;-0,7358593;-0,3319807;-1,068185;-0,4038984;-0,4596525
"27-02 14";-0,02135483;-0,2259793;-0,4781139;-0,3153872;2,214807;-0,7358593;-0,537847;-0,9535667;-0,2341976;-0,5892837
"27-02 15";0,4304487;0,01839722;-0,421128;-0,2512382;1,663806;-0,7358593;-0,4742746;-0,48797;-0,0594862;-0,6997513
"27-02 16";0,6593016;0,2840773;-0,3597373;0,06122493;1,116151;-0,7358593;-0,3676767;-0,3568133;0,04266147;-0,7411678
"27-02 17";0,7832019;0,5565605;-0,1412867;0,1334214;0,4962125;-0,7358593;0,1606192;-0,3134251;0,3673855;-0,6187423
"27-02 18";0,7396919;0,5108728;-0,1589426;0,2015413;0,8518829;-0,7358593;0,1356166;-0,4072435;0,5670533;-0,723817
"27-02 19";0,7721418;-0,1234066;-0,4262508;0,3210966;1,025628;-0,7358593;-0,2651761;-0,5885955;0,5873597;-0,7675881
"27-02 20";0,8759512;-0,6754428;-0,790311;0,07422326;1,413129;-0,7358593;-0,7892282;-0,5973682;0,6381103;-0,7861693
"27-02 21";0,7138035;-0,7409816;-0,8481299;0,1574672;0,783317;-0,7358593;-0,7018412;-0,4894713;0,6944767;-0,7299159
"27-02 22";0,07915482;-0,5900781;-0,7594975;0,4861141;0,6720529;-0,7358593;-0,5653947;-0,3696824;0,7637371;-0,3602496
"27-02 23";-0,1746592;0,3904182;-0,334655;0,3168169;0,4187309;-0,7358593;0,06696809;-0,11877;0,8277654;0,2267628
"28-02 00";-0,3389936;0,7840555;-0,1399125;0,1111723;0,4511407;-0,7358593;0,1698474;-0,2226584;0,7430936;0,5245271
"28-02 01";0,3715895;0,5771573;-0,1294866;0,1659057;0,1271865;-0,7358593;0,1694665;-0,4175979;0,7161244;0,5220249
"28-02 02";0,7929615;0,3350337;-0,3616116;-0,0148697;-0,1164655;-0,7358593;-0,3740249;-0,4815238;0,5164257;0,2016277
"28-02 03";0,8436982;0,1490887;-0,3172911;-0,05041203;-0,5224234;-0,7358593;-0,310874;-0,488756;0,4238195;0,1086021
"28-02 04";0,812649;-0,3043436;-0,6095266;-0,1947474;-0,3075312;-0,7358593;-0,7118302;-0,5584187;0,3419677;-0,0204472
"28-02 05";0,8144131;-0,8488179;-0,8284704;-0,2778356;-0,05241108;-0,7358593;-1,229615;-0,6052403;0,2005244;-0,1173513
"28-02 06";0,7937649;-0,9873635;-0,9572628;-0,4218731;-0,2191141;-0,7358593;-1,391923;-0,4971051;0,1811913;-0,1648896
"28-02 07";0,6172526;-0,9537528;-0,968023;-0,3501194;-0,1870548;-0,7358593;-1,429816;-0,4259694;0,1154089;-0,2243864
"28-02 08";0,4210321;-0,7210591;-0,8023732;-0,3685625;-0,2736201;-0,7358593;-1,198895;-0,3337218;-0,02571257;-0,2596689
"28-02 09";-0,1451669;0,4207448;-0,256342;-0,6999603;-0,4371701;-0,7358593;-0,4452788;-0,7654167;0,03283292;0,0004768423
"28-02 10";-0,6672248;-0,5495507;-0,7042032;-0,7602501;-0,5381243;-0,7358593;-1,057152;-1,102887;-0,03660052;-0,2475309
"28-02 11";-0,82164;0,1534735;-0,4287313;-0,753309;-0,6196026;-0,7358593;-0,7080395;-1,076784;-0,08451112;-0,3179185
"28-02 12";-0,718033;-0,1080206;1,056192;-0,7104008;-1,05664;-0,7358593;0,5533792;-0,9198208;-0,1170117;-0,3464296
"28-02 13";-0,7168095;0,01172387;-0,4553835;-0,5167407;1,208862;-0,7358593;-0,7286645;-0,5287226;-0,1686286;-0,02784245
"28-02 14";-0,2388476;0,4928432;-0,2726213;-0,2439027;0,9849465;-0,7358593;-0,2599799;-0,3038912;-0,1916045;0,104609
"28-02 15";0,1874105;0,6567655;-0,1661736;-0,1789489;0,8474;-0,7358593;-0,1077569;-0,3382814;-0,09192325;-0,06056736
"28-02 16";0,6153423;0,102467;-0,3868722;-0,007253193;1,100279;-0,7358593;-0,4094665;-0,5706046;-0,04272939;-0,2800165
"28-02 17";0,8192961;-0,4433344;-0,7371849;0,1696917;-0,1058803;-0,7358593;-0,7080587;-0,5802242;0,1897;-0,5130527
"28-02 18";0,8447479;-0,6125317;-0,7517458;0,08503156;-0,1435451;-0,7358593;-0,7360336;-0,5006692;0,3517666;-0,3763952
"28-02 19";0,7769946;-0,6042545;-0,8235461;0,08006809;0,6916003;-0,7358593;-0,859841;-0,4347567;0,8046464;-0,3287322
"28-02 20";0,2871071;-0,195467;-0,5255843;0,1852361;0,1634035;-0,7358593;-0,3950051;-0,2908038;0,9930175;-0,18334
"28-02 21";0,01236541;-0,07979067;-0,4775678;0,2662364;0,4673705;-0,7358593;-0,1292902;-0,3628781;0,9887354;-0,1956635
"28-02 22";0,3855191;-0,3310772;-0,6446384;0,1416508;-0,04661622;-0,7358593;-0,3875338;-0,4566706;1,082025;-0,09196963
"28-02 23";0,5456612;-0,3081588;-0,587649;0,02959827;-0,2719256;-0,7358593;-0,3156066;-0,3931893;1,124422;0,09624332
"01-03 00";0,008821093;0,2310655;-0,3691753;0,01772097;-0,3410527;-0,7358593;-0,1658128;-0,2488245;0,9693635;0,4441811
"01-03 01";-0,04651995;0,5936273;-0,2126219;0,08717139;-0,750035;-0,7358593;0,04085949;-0,2574498;1,038734;0,627956
"01-03 02";0,7281999;0,7385073;-0,1399444;0,05950436;-1,278064;-0,7358593;-0,0730474;-0,3160033;1,060756;0,5081753
"01-03 03";1,072523;0,4159436;-0,287152;-0,1127817;-0,415031;-0,7358593;-0,2924766;-0,4939136;0,9578876;0,2693354
"01-03 04";1,177872;-0,2164405;-0,5101333;-0,1865654;-0,6636377;-0,7358593;-0,5817308;-0,6116973;0,6942576;0,1094535
"01-03 05";1,09974;-0,5511947;-0,7540444;-0,08299442;-0,5706162;-0,7358593;-1,129797;-0,5565881;0,5005289;0,007569662
"01-03 06";1,008974;-1,048679;-0,9728106;-0,2915837;-0,3642965;-0,7358593;-1,418496;-0,5922759;0,4772444;-0,1056276
"01-03 07";0,890011;-1,351549;-1,148772;-0,5334144;0,006770792;-0,7358593;-1,653081;-0,5386371;0,3976224;-0,2202503
"01-03 08";0,615409;-1,094332;-1,086347;-0,5263442;-0,4676172;-0,7358593;-1,566049;-0,3616317;0,2645115;-0,1885126
"01-03 09";0,1382696;0,1761606;-0,4269764;-0,7333334;-0,473909;-0,7358593;-0,6746694;-0,8995987;0,2985054;-0,08778426
"01-03 10";-0,4085246;-0,6329749;-0,8036269;-0,737771;-0,2534471;-0,7358593;-1,192363;-1,078298;0,2991872;-0,2866169
"01-03 11";-0,6894149;-0,7495718;-0,8064879;-0,7856807;0,7868132;-0,7358593;-1,184682;-0,8087698;0,285392;-0,6809096
"01-03 12";-0,3641452;-0,02572141;-0,5533573;-0,6041769;1,061127;-0,7358593;-0,8625;-0,3432904;0,2549455;-0,6188362
"01-03 13";-0,2835898;0,5308526;-0,1959559;-0,4436196;1,67383;-0,7358593;-0,3663575;-0,2440271;0,3124064;-0,6008146
"01-03 14";0,2057339;0,6531097;-0,1371279;-0,2138824;2,47964;-0,7358593;-0,04631873;-0,3199;0,2894755;-0,4878052
"01-03 15";0,6334672;0,6368977;-0,1863709;-0,07894637;2,300332;-0,7358593;-0,1414622;-0,3797657;0,3161561;-0,6183739
"01-03 16";0,9684417;0,6075905;-0,2287606;0,03604701;1,88554;-0,7358593;-0,1815335;-0,4026196;0,2377242;-0,7723967
"01-03 17";1,035469;0,8095158;-0,1244002;-0,2110417;0,8082266;-0,7358593;0,1853706;-0,3323888;0,5684932;-0,8774463
"01-03 18";0,8936887;0,5494752;-0,1747062;0,2558604;1,292942;-0,7358593;0,1106007;-0,4852602;0,6788012;-0,9278613
"01-03 19";0,9498594;0,0161014;-0,4131793;0,3606437;1,01238;-0,7358593;-0,2397238;-0,583205;0,7785361;-0,9561856
"01-03 20";1,040849;-0,2629006;-0,5666068;0,5437127;0,5572069;-0,7358593;-0,4650616;-0,521989;0,8088701;-0,5659045
"01-03 21";1,089923;-0,3500453;-0,6021975;0,1948473;0,7321607;-0,7358593;-0,3213768;-0,477512;0,8704755;-0,4883771
"01-03 22";0,5677163;-0,5418773;-0,7323843;0,495185;0,9025816;-0,7358593;-0,5266571;-0,4545797;0,8912598;-0,008824657
"01-03 23";0,4399066;0,0756078;-0,4931026;0,2515023;0,3161324;-0,7358593;-0,1577888;-0,2280534;0,9081759;0,07909209
"02-03 00";0,2240542;-0,1414461;-0,5121822;0,2109838;0,2282336;-0,7358593;-0,3982628;-0,1276298;0,7782688;0,1989478
"02-03 01";0,7857331;-0,1438747;-0,4955384;0,07940845;0,3411314;-0,7358593;-0,3707513;-0,09256735;0,8275813;0,2839638
"02-03 02";1,104075;-0,1344616;-0,491112;0,07007713;-0,2518313;-0,7358593;-0,5666639;0,02713165;0,7781589;0,04292475
"02-03 03";1,205746;-0,1288428;-0,4854327;0,1469352;-0,5795498;-0,7358593;-0,5520561;0,1648588;0,7729258;0,09621537
"02-03 04";1,088605;-0,1280217;-0,5326608;-0,05519546;-0,5309852;-0,7358593;-0,6125734;0,1845208;0,6539301;0,08787035
"02-03 05";1,095556;-0,1338179;-0,5398608;-0,1877829;-0,2638357;-0,7358593;-0,8420286;0,06175456;0,4348455;0,05197805
"02-03 06";1,035652;0,1735098;-0,3243443;-0,290657;-0,3118068;-0,7358593;-0,546437;-0,163549;0,2697461;0,06627101
"02-03 07";0,6495199;-0,5566296;-0,7237638;-0,5928022;0,1834048;-0,7358593;-1,083614;-0,5540997;0,1322077;-0,0396176
"02-03 08";0,3919439;-0,5041303;-0,7613482;-0,7595434;-0,0171665;-0,7358593;-1,133483;-0,6010059;0,1309745;0,03140059
"02-03 09";0,02241082;-0,2534238;-0,4967786;-0,6193557;0,3335562;-0,7358593;-0,77112;-1,042939;0,1604167;-0,009488211
"02-03 10";-0,4565451;-0,5659022;-0,7332412;-0,8176629;0,5497568;-0,7358593;-1,102425;-1,08721;0,1327369;-0,3138735
"02-03 11";-0,7900063;0,08943733;-0,4325177;-0,5669449;0,2575475;-0,7358593;-0,6968811;-0,9859645;0,1334928;-0,4326441
"02-03 12";-0,7033635;-0,01810228;-0,4367146;-0,6188123;0,6459565;-0,7358593;-0,6874706;-0,698575;0,1078719;-0,4790387
"02-03 13";-0,5227851;0,1345803;-0,2820229;-0,5562322;0,444806;-0,488876;-0,495942;-0,445479;0,06635895;-0,437256
"02-03 14";-0,2089599;0,2360401;0,529374;-0,2501328;1,465408;1,913507;0,7266575;-0,3379478;0,06872753;-0,1349855
"02-03 15";0,1939735;0,2448083;1,135423;-0,1395206;1,346716;3,207163;1,594872;-0,3321437;0,1041887;0,2791339
"02-03 16";0,4674719;0,2462789;0,4339587;0,1162829;0,9814002;1,027543;0,7642981;-0,2933086;0,3414969;0,04780218
"02-03 17";0,7209604;0,2409881;-0,31585;0,142321;0,5627479;-0,7358593;-0,1046;-0,2223759;0,6867549;-0,2038632
"02-03 18";0,6493896;0,2045929;-0,3918097;0,1730196;0,3164755;-0,7358593;-0,2082745;-0,2889323;0,7471289;-0,2870809
"02-03 19";0,7903382;-0,1396105;-0,4184322;0,3169438;-0,1161545;-0,5710881;-0,2648224;-0,3746497;0,8215989;-0,4674273
"02-03 20";0,8479238;-0,2023292;-0,2648449;0,2912499;0,2341572;-0,1486008;-0,02166083;-0,4297133;0,802017;-0,0217648
"02-03 21";0,6482288;-0,3977565;-0,3296332;0,2956451;0,2127473;-0,1486008;0,1031577;-0,4793704;0,8486404;0,02019788
"02-03 22";0,346287;-0,6229706;-0,5402628;0,4259662;0,4603495;-0,1486008;-0,2154087;-0,3401925;0,8741485;0,396673
"02-03 23";0,01856161;-0,5159066;-0,4830332;0,2052214;0,4362478;-0,1486008;-0,1486367;-0,003747616;0,8253906;0,2768548
"03-03 00";-0,2278954;-0,4993034;-0,4969949;0,1711655;0,01502873;-0,1486008;-0,3642676;0,2515841;0,693283;0,408092
"03-03 01";0,1896733;-0,5056456;-0,4408036;0,1866796;-0,101637;-0,1486008;-0,2890733;0,4307781;0,6675686;0,4589459
"03-03 02";0,6212622;-0,5165393;-0,5377085;0,001214506;-0,4744559;-0,1486008;-0,6175688;0,5862242;0,5242757;0,4585166
"03-03 03";0,8289573;-0,5159689;-0,5008776;0,04006282;-1,029854;-0,1486008;-0,5741504;0,7308289;0,4383871;0,4516116
"03-03 04";0,7756813;-0,5135751;-0,478716;-0,1623946;-0,6268023;-0,1486008;-0,5450842;0,7739931;0,4416986;0,5774583
"03-03 05";0,7509727;-0,520444;-0,4232579;-0,3196791;-0,7778618;-0,1486008;-0,6840484;0,7083448;0,4189067;0,40355
"03-03 06";0,8627346;-0,1564468;-0,2730331;-0,1192507;-0,5956295;-0,1486008;-0,4818239;0,5850124;0,2945767;0,3842181
"03-03 07";0,7220736;-0,1426805;-0,2978082;-0,3391561;-0,4827138;-0,1486008;-0,5167106;0,3773845;0,2113236;0,404298
"03-03 08";0,4363368;-0,1517386;-0,2245215;-0,3387694;-0,8034435;-0,1486008;-0,4216729;0,2024333;0,06741396;0,2408288
"03-03 09";0,09748776;-0,1551555;-0,3488512;-0,5361966;-0,195663;-0,1486008;-0,5697015;0,07444066;0,08073293;0,262597
"03-03 10";-0,404091;-0,1318076;-0,2434518;-0,5616021;-0,07467533;-0,1486008;-0,4351166;-0,09085985;0,1153257;0,1037392
"03-03 11";-0,8149991;-0,1349823;-0,2308434;-0,538834;0,04029229;-0,1486008;-0,4120703;-0,1301807;0,1368266;-0,07092149
"03-03 12";-0,8468344;-0,1325307;-0,2433708;-0,4278793;0,6467358;-0,1486008;-0,4301869;-0,007702848;0,07007287;-0,2285433
"03-03 13";-0,7498683;-0,1505074;-0,2890338;-0,2818108;0,5836465;-0,1486008;-0,4812875;0,1504371;0,04737891;-0,3308844
"03-03 14";-0,4719674;-0,157071;-0,2990058;-0,1842888;1,267725;-0,1486008;-0,2967305;0,2756034;0,04818231;-0,2496222
"03-03 15";-0,06574533;-0,1405229;-0,2619122;-0,02270102;0,8708511;-0,1486008;-0,2405276;0,4537696;0,1352811;-0,3212503
"03-03 16";0,333982;0,4159956;-0,127615;0,04178132;0,4427469;-0,1486008;-0,04062139;0,5415828;0,2702383;-0,4205313
"03-03 17";0,6566244;0,7767182;0,1339623;0,1622;0,6910069;-0,1486008;0,5729277;0,4530564;0,5392781;-0,4762341
"03-03 18";0,7648705;0,8343132;0,08291034;0,4283765;0,1885991;-0,1486008;0,4883681;0,2636055;0,5712397;-0,4164751
"03-03 19";0,8979936;0,2187973;-0,05783444;0,3487068;0,1929711;-0,1486008;0,2864046;-0,04280652;0,6846449;-0,2592474
"03-03 20";1,042736;-0,3035026;-0,2893027;0,1718003;0,1360843;-0,1486008;-0,06146283;-0,2729552;0,6838729;-0,003286466
"03-03 21";0,8550076;-0,7512547;-0,6220327;0,2646903;-0,4049427;-0,1486008;-0,3603355;-0,2659403;0,8219575;0,06384432
"03-03 22";0,3395319;-0,6300572;-0,5642693;0,3095347;-0,4517913;-0,1486008;-0,2708629;-0,1136412;0,8210468;0,1026961
"03-03 23";0,05529102;-0,1567124;-0,2817832;0,2135196;-0,1833977;-0,1486008;0,1601067;0,02568139;0,7701157;0,3762957
"04-03 00";-0,05265819;-0,04475683;-0,2757284;0,1847583;-0,3797685;-0,1486008;-0,02296113;-0,05993751;0,5005563;0,5573901
"04-03 01";0,5329687;-0,431209;-0,3773962;0,1733449;-0,625401;-0,1486008;-0,1841348;-0,2059197;0,2502117;0,5133965
"04-03 02";0,8153214;-0,6818447;-0,4869853;0,06326116;-0,6512115;-0,1486008;-0,557877;-0,2092867;-0,03344971;0,3862557
"04-03 03";0,5742381;-0,7162443;-0,5757505;-0,1130271;-0,7849864;-0,1486008;-0,6897116;-0,1462808;0,1307361;0,3701336
"04-03 04";0,1402355;-0,580108;-0,5121107;0,01274;-0,8699467;-0,1486008;-0,5905556;-0,08314039;0,2533194;0,462163
"04-03 05";0,2368658;-0,6024297;-0,5190953;-0,3891041;-0,739625;-0,1486008;-0,7971891;-0,1115449;0,3903041;0,316417
"04-03 06";0,3081428;-0,6740232;-0,5504003;-0,3768227;-0,74552;-0,1486008;-0,8592575;-0,1393551;0,2689562;0,3731629
"04-03 07";0,1666798;-0,7333543;-0,549013;-0,4460613;-0,5874002;-0,1486008;-0,8408489;-0,1301943;0,2327983;0,2169901
"04-03 08";-0,2360734;-0,6619393;-0,5879025;-0,6648664;-0,6369942;-0,1486008;-0,8921546;-0,0899683;0,05139921;0,189487
"04-03 09";-0,3080467;-0,4292858;-0,4421567;-0,6262487;-0,7650566;-0,1486008;-0,7016332;-0,04680881;0,08013221;0,1744175
"04-03 10";-0,2704439;-0,8357883;-0,6181248;-0,5628625;-0,2599248;-0,1486008;-0,9263883;-0,2300153;0,09878724;0,05723953
"04-03 11";0,1079857;-1,553844;-1,055921;-0,3621041;-0,4097259;-0,1486008;-1,529699;-0,315575;0,09054103;-0,04961284
"04-03 12";0,06166031;-1,167074;-0,8438034;-0,09374999;-0,8709548;-0,1486008;-1,259242;-0,04542759;0,1493005;-0,009572623
"04-03 13";-0,3396827;-0,5963341;-0,5377727;-0,1625212;0,07414625;-0,1486008;-0,8183897;0,08757615;0,1268074;-0,08616646
"04-03 14";-0,755053;-0,1223303;-0,3349611;-0,4113852;-0,1358341;-0,1486008;-0,3458133;0,0853537;0,324578;-0,04544201
"04-03 15";-0,5581489;0,4557733;-0,120019;-0,2608161;0,6174219;-0,1486008;-0,01995065;0,08273428;0,3513303;-0,08229806
"04-03 16";-0,4535987;0,8481739;0,1774562;0,181779;0,3382965;-0,1486008;0,3809334;0,06843993;0,2842296;-0,1252854
"04-03 17";-0,09801497;0,8474413;0,1335692;0,6027946;-0,1477706;-0,1486008;0,5516382;-0,05540719;0,1257016;-0,08313994
"04-03 18";0,4592844;0,6281471;0,04278912;0,9404564;-0,5231563;-0,1486008;0,4378923;-0,1810161;0,3054022;0,0216776
"04-03 19";0,8132111;-0,4175945;-0,3428485;0,735234;-0,3286622;-0,1486008;-0,1311623;-0,426395;0,5213706;0,2922171
"04-03 20";0,9240297;-0,9087828;-0,6805677;0,5358211;-0,8595117;-0,1486008;-0,642334;-0,3145535;0,5941995;0,3216175
"04-03 21";0,945221;-0,7457001;-0,6125805;0,3557382;-0,7469928;-0,1486008;-0,3512559;-0,1267788;0,5797865;0,4522282
"04-03 22";0,5147723;-0,180068;-0,3366362;-0,06665579;-1,534417;-0,1486008;0,07644022;0,04695814;0,5701336;0,6964704
"04-03 23";-0,006185087;-0,00220277;-0,1787866;0,06084504;-0,5127499;-0,1486008;0,3269607;-0,02307367;0,4327026;0,5472378
"05-03 00";-0,114355;-0,2984913;-0,3527377;0,2297682;-0,6668158;-0,1486008;-0,1483239;-0,1851064;0,1436796;0,4716401
"05-03 01";0,432999;-1,126011;-0,7300639;0,04369322;-0,628647;-0,1486008;-0,7178395;-0,3591041;0,03971808;0,2327041
"05-03 02";0,6012301;-1,30903;-0,941534;-0,02824654;-0,4290265;-0,1486008;-1,194112;-0,2206553;-0,1591904;0,07150454
"05-03 03";0,3251069;-1,129416;-0,9073971;-0,2274012;-0,552009;-0,1486008;-1,150876;-0,09257368;-0,143267;0,267816
"05-03 04";-0,4417382;-1,065655;-0,7241342;-0,2682611;-0,6027256;-0,1486008;-0,8961201;-0,08163465;0,04395495;0,2293282
"05-03 05";-0,05078599;-0,8873689;-0,6552773;-0,3363704;-0,7327935;-0,1486008;-0,9955642;-0,04416317;0,3253117;0,2410586
"05-03 06";0,05865908;-0,7632184;-0,6256433;-0,3657776;-0,810654;-0,1486008;-0,9459367;-0,05638558;0,2554517;0,2188941
"05-03 07";-0,1275279;-0,713701;-0,5666062;-0,5110192;-0,834627;-0,1486008;-0,8706073;-0,07026915;0,1895792;0,2075483
"05-03 08";-0,342938;-0,3676742;-0,4226956;-0,385915;-0,8127953;-0,1486008;-0,670239;0,01143478;-0,02874432;0,3568815
"05-03 09";-0,482964;-0,1133033;-0,2234076;-0,4869711;-0,9521506;-0,1486008;-0,4169921;-0,01886307;-0,04724196;0,3451556
"05-03 10";-0,5260722;-0,632404;-0,4894263;-0,6331562;-0,5325975;-0,1486008;-0,7630272;-0,2484989;-0,1614871;0,1871586
"05-03 11";-0,06258768;-1,300536;-0,9166057;-0,08140715;-0,5703123;-0,1486008;-1,341985;-0,3221733;-0,3194497;-0,06456489
"05-03 12";0,03896525;-1,087947;-0,8007904;0,0701759;-0,9528764;-0,1486008;-1,195988;-0,09452929;-0,1875677;-0,1693819
"05-03 13";-0,5156862;-0,5557854;-0,5266405;0,01744469;-0,1788326;-0,1486008;-0,8083453;0,05110881;-0,1252331;-0,01237945
"05-03 14";-0,6216655;0,05253676;-0,2366413;-0,4040452;-0,06910927;-0,1486008;-0,2062414;0,1010433;0,09285447;0,08359107
"05-03 15";-0,5457017;0,3953283;-0,0909039;-0,1250115;0,1352907;-0,1486008;0,012421;0,03682101;0,2082346;0,01551331
"05-03 16";-0,5514922;0,074265;-0,1870457;-0,005358793;0,6507396;-0,1486008;-0,1334792;-0,1720568;0,2970501;-0,02276153
"05-03 17";-0,2363386;-0,4401009;-0,3679732;0,3230976;0,1577123;-0,1486008;-0,1725988;-0,2696121;0,4903549;-0,1331542
"05-03 18";0,02420838;-0,5544191;-0,5444679;0,4651336;0,06950966;-0,1486008;-0,4439673;-0,1577484;0,6780971;-0,265519
"05-03 19";0,2726535;-0,1425116;-0,336155;0,5355952;-0,01707712;-0,1486008;-0,1201268;-0,02089288;0,9879378;-0,007256053
"05-03 20";0,2572504;0,08652048;-0,1420452;0,7415773;-0,4829498;-0,1486008;0,1639663;-0,01767519;1,159275;0,3942675
"05-03 21";0,5983019;-0,03624024;-0,2538342;0,5599719;-0,6881791;-0,1486008;0,2123403;-0,1284193;1,19745;0,6795087
"05-03 22";0,7977365;-0,2432812;-0,2674401;0,4539092;-0,6776333;-0,1486008;0,1850067;-0,1692681;1,161972;0,7113543
"05-03 23";0,7202919;-0,1024909;-0,2388632;0,4886073;-0,9597079;-0,1486008;0,2312798;-0,0742314;1,088378;0,8494423
"06-03 00";0,4856984;0,2303225;-0,09141175;0,5066614;-0,9122373;-0,1486008;0,2386652;0,05343097;0,888667;0,9282733
"06-03 01";0,3282415;0,2285845;-0,1756742;0,3001979;-0,9429954;-0,1486008;0,107372;0,05754818;0,8395338;1,004896
"06-03 02";0,7903969;0,2171266;-0,1342087;0,3195052;-0,8335581;-0,1486008;-0,05705492;0,00917301;0,5764297;0,9337506
"06-03 03";1,143466;0,02887358;-0,1311706;-0,001873218;-0,6543395;-0,1486008;-0,05378858;-0,1431018;0,3366835;0,8584978
"06-03 04";1,148401;-0,6804919;-0,4895337;-0,1827366;-0,8129562;-0,1486008;-0,5645739;-0,3180364;0,3091117;0,7377181
"06-03 05";1,029529;-1,098884;-0,7565709;-0,2129274;-0,9692028;-0,1486008;-1,129941;-0,2822972;0,28381;0,6042346
"06-03 06";0,8892487;-1,486789;-0,996306;-0,3337122;-0,5914934;-0,1486008;-1,454259;-0,2780066;0,3392573;0,492658
"06-03 07";0,5627603;-1,757078;-1,135297;-0,5445952;-0,7008699;-0,1486008;-1,635375;-0,231165;0,2529615;0,409271
"06-03 08";0,3848093;-1,666225;-1,148594;-0,8477691;-0,01900398;-0,1486008;-1,661931;-0,1211261;0,1032746;0,3197348
"06-03 09";0,03886839;-1,248589;-0,8545282;-0,4655617;0,5680315;-0,1486008;-1,259344;0,01817445;0,235807;0,55675
"06-03 10";-0,4952571;-0,7132598;-0,5397774;-0,6775562;0,5676383;-0,1486008;-0,8268732;0,08780015;0,2453803;0,1995549
"06-03 11";-0,7054898;-0,04312767;-0,2769774;-0,6166552;0,76264;-0,1486008;-0,4902262;0,1325915;0,2616886;0,1017323
"06-03 12";-0,8542145;0,4662898;-0,1043953;-0,5600487;1,6203;-0,1486008;-0,247825;0,09865305;0,2493491;-0,1403549
"06-03 13";-0,7060471;0,7345553;0,1222203;-0,2673541;1,291191;-0,1486008;0,06849888;0,02150754;0,1606606;-0,3435976
"06-03 14";-0,3402099;0,6284818;0,1139;-0,03887917;1,425027;-0,1486008;0,2950312;-0,1029704;-0,01943251;-0,3729997
"06-03 15";-0,04735998;0,354304;0,03195587;0,4234639;1,289461;-0,1486008;0,1735189;-0,1930604;0,1715548;-0,6146341
"06-03 16";0,2298963;0,1523741;-0,1734954;0,9955232;0,6744552;-0,1486008;-0,1169576;-0,195564;0,2974412;-0,8097196
"06-03 17";0,3331213;-0,263135;-0,24564;0,7974879;1,159564;-0,1486008;0,005508888;-0,2580902;0,5397758;-0,4966869
"06-03 18";0,4804677;-0,7325752;-0,5641806;0,8544279;0,7333905;-0,1486008;-0,4750284;-0,2850934;0,734403;-0,33152
"06-03 19";0,4981861;-1,060145;-0,8109922;0,7500789;0,49948;-0,1486008;-0,8316192;-0,2493713;0,8704082;-0,2473688
"06-03 20";0,4711258;-0,9749165;-0,6536405;0,72585;0,511084;-0,1486008;-0,6050692;-0,1302542;0,9770331;0,1026396
"06-03 21";0,06930473;-0,6595044;-0,6031376;0,7206862;0,7053921;-0,1486008;-0,3336228;-0,1105503;1,07352;0,5980894
"06-03 22";-0,5266478;-0,1541821;-0,3200835;0,6530017;0,3278007;-0,1486008;0,1294156;-0,1701487;1,067199;0,6873701
"06-03 23";-0,7359054;0,08320978;-0,1248968;0,5289425;0,7118626;-0,1486008;0,4032683;-0,2905525;0,987489;0,6723152
"07-03 00";-0,6206048;-0,3955799;-0,373495;0,5489914;0,6568169;-0,1486008;-0,2007419;-0,5029048;0,8364422;0,7551857
"07-03 01";0,01824402;-0,5520836;-0,5027717;0,3085608;0,3074669;-0,1486008;-0,378776;-0,4631043;0,7447541;0,7947575
"07-03 02";0,1910215;-0,2158606;-0,2896751;0,1647596;0,1706783;-0,1486008;-0,2730148;-0,3269995;0,6988728;0,7628012
"07-03 03";-0,09353375;-0,101102;-0,2155933;0,2666177;-0,4873683;-0,1486008;-0,1786176;-0,3454101;0,8024947;0,8037588
"07-03 04";0,3784146;-0,3097518;-0,3485575;0,09960794;-0,4044672;-0,1486008;-0,3750356;-0,4682575;0,7639982;0,6871666
"07-03 05";0,5158219;-0,7709771;-0,5347539;0,0545699;-0,05086316;-0,1486008;-0,8203822;-0,5460762;0,6523667;0,5465552
"07-03 06";0,4992628;-1,037609;-0,7271969;-0,1080333;-0,5478228;-0,1486008;-1,091339;-0,5332649;0,5043334;0,5625135
"07-03 07";0,08844595;-0,7453957;-0,6344268;-0,4353038;-0,1472308;-0,1486008;-0,9701952;-0,7740832;0,4388965;0,590783
"07-03 08";-0,1815795;-0,9664947;-0,7382942;-0,5506955;0,8477361;-0,1486008;-1,094696;-1,008339;0,2998993;0,4825381
"07-03 09";-0,3858605;-0,9316664;-0,6396133;-0,4457939;1,095417;-0,1486008;-0,9605202;-1,119515;0,3042457;0,4204083
"07-03 10";-0,7320348;-0,9870278;-0,687721;-0,3816728;1,243988;-0,1486008;-1,02652;-0,8480992;0,3168763;0,3473642
"07-03 11";-1,050649;-0,8530839;-0,6761612;-0,469123;1,323293;-0,1486008;-1,025006;-0,4924601;0,3302482;0,305908
"07-03 12";-1,068654;-0,2700735;-0,4506668;-0,5614361;1,907032;-0,1486008;-0,7092394;-0,25614;0,3632213;-0,009035965
"07-03 13";-0,8451695;0,4651435;0,003157367;-0,2712869;2,244157;-0,1486008;-0,107775;-0,1720678;0,2838275;-0,3022487
"07-03 14";-0,3804781;0,5417156;-0,03914865;-0,09503794;2,640788;-0,1486008;-0,07600679;-0,3087632;0,2508635;-0,3425701
"07-03 15";0,3038124;0,1764555;-0,08639627;1,184868;1,803991;-0,1486008;0,009955211;-0,5049828;0,3784561;-0,568723
"07-03 16";0,3500219;-0,2105201;-0,335472;0,8345577;2,969282;-0,1486008;-0,34239;-0,5496569;0,4879447;-0,5327273
"07-03 17";0,3189853;-0,5681764;-0,4737396;0,7013331;2,95544;-0,1486008;-0,3337286;-0,535836;0,7495004;-0,3876985
"07-03 18";0,3099419;-0,729035;-0,597456;0,7552845;4,086505;-0,1486008;-0,5040026;-0,5003108;0,9398789;-0,2430638
"07-03 19";0,3051749;-0,8539262;-0,6221883;0,7180741;2,82613;-0,1486008;-0,5473159;-0,4722869;1,090564;-0,2266069
"07-03 20";0,2941386;-0,6113465;-0,5377749;0,3563504;1,667824;-0,1486008;-0,4263584;-0,3345588;1,150022;0,1403493
"07-03 21";-0,2353604;-0,3021593;-0,3562379;0,5069386;1,485134;-0,1486008;0,04971154;-0,2976255;1,136161;0,6569316
"07-03 22";-0,5180443;0,1894418;-0,1716917;0,5296134;0,9441215;-0,1486008;0,3439839;-0,2317982;1,105764;0,6814854
"07-03 23";-0,6072548;0,2259178;-0,06697834;0,3838452;0,6876251;-0,1486008;0,5103732;-0,3536237;0,9861484;0,657262
"08-03 00";-0,3658253;-0,08667404;-0,2105576;0,3387851;0,8251215;-0,1486008;0,0607565;-0,4801824;0,6916312;0,8235855
"08-03 01";0,1728696;0,1269585;-0,1586781;0,3080739;0,3654619;-0,1486008;0,1307855;-0,3482874;0,5989579;0,9197153
"08-03 02";-0,1206473;0,1943469;-0,1069218;0,2450667;0,3046463;-0,1486008;-0,02632242;-0,3910123;0,5658832;0,937113
"08-03 03";0,2835676;-0,3119004;-0,3600509;0,2816626;0,2666777;-0,1486008;-0,3640708;-0,5549852;0,6187589;0,8441154
"08-03 04";0,6526974;-0,9014035;-0,6624857;0,1587547;-0,02339748;-0,1486008;-0,8068073;-0,6108649;0,581914;0,6931593
"08-03 05";0,6011491;-1,358691;-1,006736;-0,1309535;0,295416;-0,1486008;-1,471524;-0,5904385;0,5703034;0,6514169
"08-03 06";0,488976;-1,274463;-0,8996372;-0,05439584;-0,2059336;-0,1486008;-1,315787;-0,4310156;0,5772755;0,4924165
"08-03 07";0,237998;-1,247642;-0,6873523;-0,2832064;-0,4714316;-0,1486008;-1,040702;-0,4764439;0,5545465;0,467211
"08-03 08";-0,2731529;-0,6880785;0,4219406;-0,4611871;1,203707;-0,1486008;0,4494613;-1,12236;0,4248311;0,797538
"08-03 09";-0,5360199;-0,837212;0,8017339;-0,4744787;1,03962;0,7463832;0,9841485;-1,232111;0,3775479;0,78988
"08-03 10";-0,862294;-1,420395;-0,07895781;-0,5059363;1,631425;-0,1723797;-0,2151637;-0,8834203;0,3819761;0,288337
"08-03 11";-1,337565;-1,350347;-0,03920754;-0,6235727;2,17973;-0,1765651;-0,157521;-0,5300781;0,5017066;0,0210515
"08-03 12";-1,102688;-0,6093091;0,3945663;-0,4764793;1,938792;-0,1765651;0,4136917;-0,2312575;0,5141484;-0,003971263
"08-03 13";-0,99519;0,1255267;0,7573001;-0,3006004;2,321316;-0,1765651;0,9260082;-0,163134;0,4642527;-0,01090197
"08-03 14";-0,6060599;0,2174346;1,536399;-0,1072539;3,14598;1,150444;1,675228;-0,3020184;0,4688594;0,05143859
"08-03 15";-0,009966008;0,2673102;1,971091;0,6357721;2,136003;1,808928;2,933725;-0,3658;0,5726939;0,1403213
"08-03 16";0,5820365;-0,06236137;1,783998;1,514519;1,603913;1,808928;2,515767;-0,5012869;0,6831082;0,2267651
"08-03 17";0,5961709;-0,7927004;1,298899;0,8853199;1,235852;1,808928;2,295936;-0,6334761;1,099974;0,4423665
"08-03 18";0,5546713;-1,262066;0,08023418;1,062178;1,770687;1,808928;0,5024508;-0,6104242;1,303466;0,2407959
"08-03 19";0,4398176;-1,646787;-0,2597874;1,134271;1,910286;1,808928;-0,01608816;-0,5639557;1,475916;0,3522439
"08-03 20";0,3252387;-1,52179;-0,5167826;0,6796686;1,215511;1,808928;-0,4030574;-0,4002588;1,466847;0,3791819
"08-03 21";-0,1444563;-0,894087;-0,0317237;0,6287903;0,7452018;1,808928;0,5567518;-0,2072113;1,454168;0,6470817
"08-03 22";-0,310331;0,1254404;0,8852237;0,5147138;0,6593837;1,808928;1,970926;-0,08849954;1,466755;1,179003
"08-03 23";-0,5722166;0,3410829;1,069627;0,3983367;0,355774;1,808928;2,28326;-0,2654328;1,400725;1,308369
"09-03 00";-0,3157848;0,07325643;0,9917021;0,463545;0,3432119;1,808928;1,84424;-0,4317515;0,8192216;1,291647
"09-03 01";0,2447849;0,3483655;1,071004;0,0576993;0,02041247;1,808928;1,802496;-0,3238288;0,5410573;1,151931
"09-03 02";0,1144487;0,213072;1,023101;0,2765167;0,06130176;1,808928;1,584238;-0,4377296;0,5999051;1,310516
"09-03 03";0,1738478;-0,2340378;0,6345236;0,1579547;0,1111282;1,808928;1,041244;-0,5496716;0,6488306;0,9522312
"09-03 04";0,3167765;-0,7194173;0,2627486;0,1314916;-0,1086616;1,808928;0,5031132;-0,5757282;0,5776228;0,9879362
"09-03 05";0,266289;-0,9923548;0,06668092;0,07198235;-0,1649621;1,808928;-0,02746073;-0,5346028;0,4941666;0,8928405
"09-03 06";0,09492322;-1,186863;-0,07701231;-0,05260159;0,09339332;1,808928;-0,2012627;-0,5046677;0,5199497;0,7424731
"09-03 07";-0,09230389;-0,4021412;0,4450174;-0,1835535;0,157773;1,808928;0,4943532;-0,6500343;0,4222324;0,8657215
"09-03 08";-0,3536607;-1,07348;0,1355804;-0,441734;0,9259398;1,808928;0,07139629;-1,226461;0,2816204;0,8186639
"09-03 09";-0,737179;-1,525134;-0,4069474;-0,4686438;1,829236;1,808928;-0,6452317;-1,129571;0,1606712;0,6078336
"09-03 10";-0,8305627;-2,485808;-1,344595;-0,2248908;1,315443;1,808928;-1,934051;-0,2696811;0,1784374;0,5458894
"09-03 11";-1,05431;-0,7643905;0,07477725;-0,4848848;1,32024;1,808928;0,00388496;0,009664548;0,3190199;0,5978244
"09-03 12";-1,065431;0,4001963;0,8563667;-0,3353061;1,801102;1,808928;1,04754;0,05171504;0,4654651;0,4362844
"09-03 13";-0,8160717;1,07567;1,352256;-0,01808797;1,521376;1,808928;1,721308;-0,08793029;0,4916925;0,2869439
"09-03 14";-0,6523893;0,8180121;1,159194;0,3572445;1,4047;1,808928;1,690098;-0,4129898;0,408102;0,2185447
"09-03 15";-0,318509;0,101149;0,7482248;0,193951;1,891217;1,808928;1,186348;-0,6038167;0,4217402;0,2139658
"09-03 16";-0,02595196;-0,2497192;0,5154108;0,3039936;2,395452;1,808928;0,8694106;-0,542363;0,4954528;0,3117369
"09-03 17";0,1081048;-0,2672158;0,3795596;0,3848806;1,921933;1,808928;0,9320219;-0,4710881;1,067033;0,05248675
"09-03 18";0,09723052;-0,3917434;0,4172083;0,6985983;1,018586;1,808928;1,002824;-0,4619506;1,285052;0,3839838
"09-03 19";0,1301568;-0,7638552;0,06291255;0,4182039;1,40731;1,808928;0,4561179;-0,5393;1,332529;0,3645675
"09-03 20";0,08103337;-0,9951262;-0,1440263;0,4316125;0,9571626;1,808928;0,1604633;-0,4985811;1,238731;0,6183991
"09-03 21";-0,06851313;-0,963254;0,02265518;0,4071009;0,5316466;1,808928;0,6391031;-0,4326897;1,130477;0,6996003
"09-03 22";-0,603782;-0,6877398;0,06196999;0,5122795;0,8752911;1,808928;0,703014;-0,3081509;1,129841;1,052995
"09-03 23";-0,7529379;0,1350257;0,7558545;0,3995268;0,2735951;1,808928;1,775776;-0,1534535;1,106621;1,474805
"10-03 00";-0,6370171;0,3226093;0,919774;0,6838691;0,7929691;1,808928;1,737984;-0,30787;0,856967;1,443789
"10-03 01";-0,2616998;-0,6212362;0,2565869;0,4678937;0,5730078;1,808928;0,736508;-0,6376546;0,6922213;1,247871
"10-03 02";0,150084;-0,5865393;0,1851921;0,2644522;-0,01306255;1,808928;0,3921179;-0,4330506;0,536945;1,16787
"10-03 03";0,5920883;-0,3522914;0,3545696;0,2860532;-0,2358945;1,808928;0,628596;-0,3654308;0,6258054;1,210241
"10-03 04";1,027941;-0,8012152;0,1589148;0,01624768;-0,210992;1,808928;0,3469157;-0,5261657;0,7359138;1,104139
"10-03 05";0,5977922;-1,054427;-0,1262579;-0,06872402;-0,4376599;1,808928;-0,2769201;-0,5136694;0,6876193;0,8237001
"10-03 06";0,4573868;-1,433487;-0,367061;-0,3588902;0,09732567;1,808928;-0,5962232;-0,5518021;0,649748;0,6998748
"10-03 07";0,2259692;-1,495715;-0,4248549;-0,2841468;-0,06515189;1,808928;-0,6759918;-0,4437399;0,5975088;0,644887
"10-03 08";-0,02637594;-0,386398;0,4299383;-0,7831726;-1,704095;1,808928;0,4595462;-0,9170862;0,4556843;0,6788663
"10-03 09";-0,4849823;-1,226008;-0,3350759;-0,5567759;1,227236;1,808928;-0,5526077;-1,190399;0,5044345;0,7021768
"10-03 10";-0,8210588;-1,010999;-0,005716868;-0,540379;1,747586;1,808928;-0,1208574;-1,184276;0,3918601;0,7492607
"10-03 11";-1,089161;-0,444829;0,2598583;-0,3983198;1,465158;1,687683;0,1874428;-1,089691;0,4365473;0,6582749
"10-03 12";-0,8737971;-0,4050721;0,1531593;-0,2076279;2,286104;1,361493;0,09080768;-0,6105611;0,6320665;0,5063182
"10-03 13";-0,7372925;0,1107758;0,5369205;-0,2614875;2,091739;1,361493;0,6105407;-0,3339112;0,6718225;0,4343922
"10-03 14";-0,6339396;0,3279769;0,6423281;-0,07569149;2,025882;1,361493;0,8383737;-0,3322844;0,5549467;0,4622027
"10-03 15";-0,2881099;0,100159;0,5083954;0,06900813;2,630077;1,361493;0,8536921;-0,4544432;0,4918335;0,4524277
"10-03 16";0,1041969;0,02760666;0,2914466;1,159667;1,612485;0,971761;0,5442778;-0,4441682;0,5296362;0,2109879
"10-03 17";0,3346997;-0,01761493;0,0666179;0,987437;1,464271;0,3827288;0,4725286;-0,4288307;0,9699496;0,3541077
"10-03 18";0,3375136;-0,3376308;-0,09751981;0,70169;1,503588;0,3827288;0,229766;-0,5221344;1,236467;0,623996
"10-03 19";0,3833674;-0,8636596;-0,4791682;0,7020019;1,299263;0,3827288;-0,3381507;-0,5812576;1,291556;0,6377567
"10-03 20";0,4589668;-1,138526;-0,5889578;0,5796621;0,8521617;0,3827288;-0,4989952;-0,5387984;1,297937;0,7911747
"10-03 21";0,2914105;-1,397099;-0,7562101;0,4166641;0,8067037;0,3827288;-0,5616681;-0,5088305;1,286696;0,9134594
"10-03 22";-0,2355716;-1,057092;-0,5606354;0,5245546;0,7115552;0,3827288;-0,2732747;-0,3258425;1,245959;1,04495
"10-03 23";-0,6203713;-0,3136605;-0,1705185;0,5649725;0,3825104;0,3827288;0,3330741;-0,1730752;1,182052;1,081018
"11-03 00";-0,6088316;0,2179215;0,1366291;0,4226026;0,3876225;0,3827288;0,5698943;-0,2048355;1,022455;1,292531
"11-03 01";-0,372609;0,09448379;0,1984149;0,5176938;0,2032918;0,3827288;0,6664813;-0,3832235;0,8562384;1,372609
"11-03 02";0,3043492;-0,2062356;-0,03878408;0,3323046;-0,05706913;0,3827288;0,07004634;-0,4891782;0,5194388;1,207796
"11-03 03";0,3413898;-0,6926159;-0,2954667;0,1332199;0,2697414;0,3827288;-0,2889026;-0,5692858;0,4239605;1,101079
"11-03 04";0,03976876;-0,9643407;-0,5605501;-0,02778952;0,1098055;0,3827288;-0,674154;-0,5217662;0,4010931;0,9843937
"11-03 05";-0,2251467;-1,381811;-0,764948;-0,2255894;0,2196468;0,3827288;-1,136291;-0,5747955;0,3904067;0,8996751
"11-03 06";-0,3555567;-1,692343;-0,9761193;-0,17624;0,4964342;0,3827288;-1,422904;-0,5288728;0,3759739;0,8353366
"11-03 07";-0,2816207;-1,807828;-1,080657;-0,2675403;0,488927;0,3827288;-1,569289;-0,4869628;0,2928666;0,8042742
"11-03 08";-0,3216968;-1,655825;-0,9544107;-0,1577104;0,3919731;0,3827288;-1,396212;-0,3699354;0,2114076;0,7005216
"11-03 09";-0,525695;-1,5136;-0,8653327;-0,4858914;0,9485615;0,3827288;-1,267766;-0,356182;0,3853226;0,6361691
"11-03 10";-0,7990735;-1,39333;-0,7697163;-0,4829328;0,8615136;0,3827288;-1,146519;-0,3413151;0,4599285;0,6053203
"11-03 11";-0,9423913;-1,210852;-0,7104812;-0,5819318;1,294901;0,3827288;-1,064468;-0,3295449;0,4454603;0,6613747
"11-03 12";-0,9380935;-0,7813274;-0,463609;-0,4140145;1,115036;0,3827288;-0,7368016;-0,2472839;0,4192354;0,5021071
"11-03 13";-0,8585044;-0,1424876;-0,05130628;-0,1578858;0,9187043;0,3827288;-0,1740118;-0,1889673;0,3536338;0,4165282
"11-03 14";-0,786404;0,2368562;0,1829551;0,09708683;1,274632;0,3827288;0,3909578;-0,2482197;0,4010025;0,4152055
"11-03 15";-0,7786024;0,2101132;0,1139263;0,8810236;0,7911817;0,3827288;0,2827153;-0,3661417;0,3713164;0,4611311
"11-03 16";-0,526759;-0,1470097;0,07114466;1,547152;0,4393293;0,3827288;0,2325076;-0,4972626;0,3175793;0,4439749
"11-03 17";-0,265002;-0,2293875;-0,0887341;2,42346;-0,1225714;0,3827288;0,236269;-0,4436612;0,6303042;0,4523221
"11-03 18";-0,027713;-0,08703899;0,0177886;1,569255;0,1961742;0,3827288;0,4000795;-0,3756869;0,9459899;0,5957046
"11-03 19";-0,01930636;-0,1151764;-0,03155004;0,967715;0,5072374;0,3827288;0,3208981;-0,4014347;1,042784;1,08126
"11-03 20";0,173508;-0,497513;-0,295488;1,17386;-0,2621054;0,3827288;-0,06688257;-0,5391916;1,156935;1,204325
"11-03 21";0,4550969;-1,104487;-0,6038981;0,6355552;-0,1430339;0,3827288;-0,3424107;-0,6043844;1,143722;1,150063
"11-03 22";0,398815;-1,2921;-0,682646;0,5598572;-0,08179288;0,3827288;-0,448988;-0,5013463;1,032601;1,182857
"11-03 23";0,009095809;-0,8818653;-0,4539469;0,4896798;-0,1712324;0,3827288;-0,1035617;-0,3059928;0,9281675;1,333743
"12-03 00";-0,2544206;-0,2748106;-0,1031084;0,3858702;-0,4809443;0,3827288;0,2218207;-0,2036668;0,6811665;1,343021
"12-03 01";-0,1400458;0,1076227;0,1681686;0,4291002;-0,4578864;0,3827288;0,6015926;-0,25484;0,6467275;1,325792
"12-03 02";0,125882;-0,3605018;-0,1551547;0,2020591;-0,3023405;0,3827288;-0,07974388;-0,5141085;0,3353221;0,9328477
"12-03 03";0,3682993;-0,7459973;-0,3773549;0,1766698;-0,3189672;0,3827288;-0,3985353;-0,5268477;0,08090895;0,8369404
"12-03 04";0,3665748;-1,036348;-0,5121696;-0,08471245;-0,1879985;0,3827288;-0,5860756;-0,5296902;0,05044279;0,846622
"12-03 05";-0,04110582;-1,379381;-0,8054569;-0,3075596;0,00276337;0,3827288;-1,186126;-0,5479864;0,1129852;0,7151712
"12-03 06";-0,2106931;-1,594038;-0,8624802;-0,4238945;-0,09213497;0,3827288;-1,281235;-0,5018185;0,09233299;0,6986086
"12-03 07";-0,2387189;-1,437559;-0,7072629;-0,2895225;-0,2391334;0,3827288;-1,056934;-0,3843056;0,05199738;0,6762798
"12-03 08";-0,4657347;-1,548226;-0,813475;-0,5190326;0,1431769;0,3827288;-1,202624;-0,4457873;-0,0001993902;0,5940566
"12-03 09";-0,8425342;-1,638427;-0,8729116;-0,6622435;0,3755144;0,3827288;-1,288392;-0,4440458;0,1622266;0,5713247
"12-03 10";-1,203525;-1,650327;-0,9226043;-0,5961928;0,4795394;0,3827288;-1,341951;-0,425913;0,1121314;0,499596
"12-03 11";-1,650648;-1,599919;-0,9027548;-0,6286462;0,5297233;0,3827288;-1,329965;-0,3817807;0,08910112;0,3649191
"12-03 12";-1,572158;-1,022324;-0,802217;-0,4998889;0,4499181;0,3827288;-1,194784;-0,2260654;0,1388479;0,3162951
"12-03 13";-1,446416;-0,4693494;-0,2346838;-0,5162089;0,6348172;0,3827288;-0,4133699;-0,1912707;0,2335977;0,3188554
"12-03 14";-1,192498;0,05912745;0,1223812;-0,05539484;0,03297454;0,3827288;0,3059497;-0,2070755;0,3592496;0,4670114
"12-03 15";-0,985752;0,02444501;0,1503924;0,04424004;1,069864;0,3827288;0,3449055;-0,3724198;0,385312;0,6059391
"12-03 16";-0,7843381;-0,2799943;-0,1186338;0,461782;0,6060681;0,3827288;-0,03484432;-0,4705991;0,2920128;0,5543703
"12-03 17";-0,6449497;-0,2441398;-0,1130332;1,005563;0,6091782;0,3827288;0,2077874;-0,4253601;0,5682365;0,5398565
"12-03 18";-0,3141881;-0,0860092;0,06909226;0,7179505;0,9922535;0,3827288;0,4814604;-0,3584463;0,7554321;0,6277615
"12-03 19";0,03667066;-0,3833465;-0,09861691;0,9403848;-0,05654719;0,3827288;0,225947;-0,4939606;0,8287824;0,826319
"12-03 20";0,4104579;-0,7299108;-0,3480958;0,6936533;0,113148;0,3827288;-0,143301;-0,5158616;1,06408;1,12922
"12-03 21";0,5551778;-0,7498383;-0,3935783;0,5925778;-0,1941652;0,3827288;0,004876495;-0,4478981;1,170523;1,146911
"12-03 22";0,3782383;-0,4256169;-0,1852975;0,6217183;-0,6728323;0,3827288;0,3227163;-0,3066449;1,17406;1,324512
"12-03 23";0,2052623;0,09700001;0,1533791;0,4742971;-0,4777484;0,3827288;0,8375981;-0,2370796;1,094286;1,449132
"13-03 00";0,1266506;-0,04768226;0,003930394;0,5443963;-0,7538172;0,3827288;0,3759047;-0,4174946;0,8064186;1,457738
"13-03 01";0,320505;-0,2972587;-0,08479621;0,6588387;-0,1175308;0,3827288;0,2469729;-0,4743989;0,6407984;1,383657
"13-03 02";0,5043759;-0,3490896;-0,1761416;0,3177736;-0,4210474;0,3827288;-0,1148963;-0,4385647;0,4396323;1,428661
"13-03 03";0,2905974;-0,3525705;-0,1912023;0,3447066;-0,7829774;0,3827288;-0,1371873;-0,4199497;0,3525079;1,304641
"13-03 04";0,4566293;-0,564755;-0,2094173;0,03365668;-0,5268313;0,3827288;-0,1642697;-0,4877947;0,3651714;1,257815
"13-03 05";0,4965108;-1,101867;-0,502328;0,02408245;-0,4296343;0,3827288;-0,7778756;-0,5795439;0,267747;1,113044
"13-03 06";0,382918;-1,283671;-0,694073;-0,3668092;-1,067805;0,3827288;-1,036216;-0,4954261;0,1247671;1,01328
"13-03 07";0,2694109;-1,358564;-0,713442;-0,2078868;-0,730073;-0,1287296;-1,068445;-0,4675644;0,09306555;1,063302
"13-03 08";-0,124795;-0,411455;-3,331987;-0,3057339;0,4240074;-5,196229;-4,873671;-1,046067;-3,371822;-1,806148
"13-03 09";-0,3222089;-1,230761;-1,816208;-0,4205361;0,7125847;-1,514896;-2,694705;-1,210402;-1,439263;-0,01219386
"13-03 10";-0,8974537;-1,264912;-0,5999028;-0,602027;1,587804;0,4106931;-0,9221312;-1,18024;0,2166805;0,9709817
"13-03 11";-1,313933;-0,7718845;-0,2793629;-0,4055741;1,530764;0,4106931;-0,4740674;-1,167409;0,0879968;0,7687497
"13-03 12";-1,182204;-0,8074445;-0,3315997;-0,230064;1,636079;0,4106931;-0,5495592;-0,702757;0,03820294;0,0200503
